id,first_name,last_name,email,gender,ip_address
5f30c98dfc13ae4e95000000,Vernor,de'-Ancy Willis,vdeancywillis0@sourceforge.net,Male,188.235.209.253
5f30c98dfc13ae4e95000001,Brennen,Kasbye,bkasbye1@abc.net.au,Male,50.147.213.26
5f30c98dfc13ae4e95000002,Elicia,Garrud,egarrud2@tuttocitta.it,Female,118.117.214.160
5f30c98dfc13ae4e95000003,Brenna,Eburah,beburah3@imdb.com,Female,216.63.158.89
5f30c98dfc13ae4e95000004,Hussein,Gorelli,hgorelli4@over-blog.com,Male,17.214.17.165
5f30c98dfc13ae4e95000005,Saul,Rubroe,srubroe5@state.gov,Male,180.237.228.52
5f30c98dfc13ae4e95000006,Jeanna,Whipp,jwhipp6@princeton.edu,Female,163.44.121.147
5f30c98dfc13ae4e95000007,Janek,Vinson,jvinson7@blogs.com,Male,157.50.208.14
5f30c98dfc13ae4e95000008,Essie,Jiroudek,ejiroudek8@google.ru,Female,198.139.91.87
5f30c98dfc13ae4e95000009,Thaddus,Lilly,tlilly9@washingtonpost.com,Male,162.60.31.250
5f30c98dfc13ae4e9500000a,Morgen,Dallander,mdallandera@cloudflare.com,Female,95.173.210.139
5f30c98dfc13ae4e9500000b,Efrem,Linzee,elinzeeb@w3.org,Male,15.55.62.116
5f30c98dfc13ae4e9500000c,Christie,Toe,ctoec@elpais.com,Male,105.15.153.10
5f30c98dfc13ae4e9500000d,Teddi,Llewellen,tllewellend@livejournal.com,Female,105.118.233.145
5f30c98dfc13ae4e9500000e,Thomasa,Gasson,tgassone@example.com,Female,63.117.168.253
5f30c98dfc13ae4e9500000f,Ban,Dabling,bdablingf@hud.gov,Male,34.156.128.174
5f30c98dfc13ae4e95000010,Worden,Edmenson,wedmensong@skype.com,Male,104.60.164.105
5f30c98dfc13ae4e95000011,Husein,Bentke,hbentkeh@state.gov,Male,63.232.147.110
5f30c98dfc13ae4e95000012,Ferne,Strangwood,fstrangwoodi@sourceforge.net,Female,119.0.167.63
5f30c98dfc13ae4e95000013,Sonni,Gravett,sgravettj@google.fr,Female,72.131.58.156
5f30c98dfc13ae4e95000014,Benoite,Grouvel,bgrouvelk@fotki.com,Female,236.203.168.197
5f30c98dfc13ae4e95000015,Randie,Mattack,rmattackl@slashdot.org,Male,191.191.80.89
5f30c98dfc13ae4e95000016,Debbi,Gaskill,dgaskillm@wp.com,Female,135.120.232.162
5f30c98dfc13ae4e95000017,Grover,Portinari,gportinarin@indiegogo.com,Male,45.249.231.36
5f30c98dfc13ae4e95000018,Chaunce,Kersaw,ckersawo@slashdot.org,Male,250.143.84.245
5f30c98dfc13ae4e95000019,Bern,Dulinty,bdulintyp@dot.gov,Male,176.140.179.24
5f30c98dfc13ae4e9500001a,Mil,Hiley,mhileyq@virginia.edu,Female,56.133.20.174
5f30c98dfc13ae4e9500001b,Conant,Thumnel,cthumnelr@chicagotribune.com,Male,46.199.161.43
5f30c98dfc13ae4e9500001c,Emerson,Peele,epeeles@gizmodo.com,Male,102.222.146.221
5f30c98dfc13ae4e9500001d,Lilian,Gollin,lgollint@odnoklassniki.ru,Female,3.25.114.33
5f30c98dfc13ae4e9500001e,Cristiano,Goodluck,cgoodlucku@google.ca,Male,145.254.84.240
5f30c98dfc13ae4e9500001f,Lin,Crock,lcrockv@lulu.com,Female,13.23.32.198
5f30c98dfc13ae4e95000020,Keriann,Broggetti,kbroggettiw@ifeng.com,Female,167.156.24.2
5f30c98dfc13ae4e95000021,Judas,O'Dowgaine,jodowgainex@squidoo.com,Male,238.17.141.8
5f30c98dfc13ae4e95000022,Kipp,Kliement,kkliementy@tamu.edu,Female,190.101.191.157
5f30c98dfc13ae4e95000023,Sayers,Hurd,shurdz@tumblr.com,Male,120.18.27.46
5f30c98dfc13ae4e95000024,Zelig,Stonman,zstonman10@alibaba.com,Male,68.226.182.105
5f30c98dfc13ae4e95000025,Doy,Symons,dsymons11@t-online.de,Male,139.2.125.87
5f30c98dfc13ae4e95000026,Arvie,Hubbart,ahubbart12@sfgate.com,Male,90.231.52.124
5f30c98dfc13ae4e95000027,Coop,More,cmore13@wisc.edu,Male,76.93.36.108
5f30c98dfc13ae4e95000028,Diego,Melton,dmelton14@desdev.cn,Male,194.128.79.3
5f30c98dfc13ae4e95000029,Ronna,Depper,rdepper15@goodreads.com,Female,139.94.91.42
5f30c98dfc13ae4e9500002a,Karyl,Outram,koutram16@google.pl,Female,67.131.7.133
5f30c98dfc13ae4e9500002b,Tedie,Goldingay,tgoldingay17@geocities.jp,Male,115.153.24.60
5f30c98dfc13ae4e9500002c,Desiri,Klain,dklain18@cnbc.com,Female,194.29.184.198
5f30c98dfc13ae4e9500002d,Daryle,Vanne,dvanne19@sphinn.com,Male,198.43.31.7
5f30c98dfc13ae4e9500002e,Mead,Mughal,mmughal1a@com.com,Male,133.116.244.16
5f30c98dfc13ae4e9500002f,Clark,Hethron,chethron1b@slashdot.org,Male,59.31.2.3
5f30c98dfc13ae4e95000030,Marybeth,Chatel,mchatel1c@blog.com,Female,124.208.144.68
5f30c98dfc13ae4e95000031,Dagmar,Roft,droft1d@wunderground.com,Female,30.117.187.38
5f30c98dfc13ae4e95000032,Weider,Gresswell,wgresswell1e@drupal.org,Male,35.78.65.15
5f30c98dfc13ae4e95000033,Fonsie,Bortolussi,fbortolussi1f@reddit.com,Male,201.105.4.203
5f30c98dfc13ae4e95000034,Gay,Ivanyushin,givanyushin1g@rambler.ru,Female,26.33.244.58
5f30c98dfc13ae4e95000035,Fabian,Kuschel,fkuschel1h@fotki.com,Male,143.16.213.230
5f30c98dfc13ae4e95000036,Lamond,Garrettson,lgarrettson1i@oakley.com,Male,171.202.254.91
5f30c98dfc13ae4e95000037,Noellyn,Normanville,nnormanville1j@washington.edu,Female,238.245.135.165
5f30c98dfc13ae4e95000038,Emelita,Penney,epenney1k@yelp.com,Female,232.87.124.40
5f30c98dfc13ae4e95000039,Sonny,Stanway,sstanway1l@devhub.com,Male,151.55.235.5
5f30c98dfc13ae4e9500003a,Kirstyn,Dales,kdales1m@tripadvisor.com,Female,72.72.8.200
5f30c98dfc13ae4e9500003b,Page,Loalday,ploalday1n@about.me,Female,84.8.244.169
5f30c98dfc13ae4e9500003c,Gilli,MacGregor,gmacgregor1o@yellowpages.com,Female,0.87.163.254
5f30c98dfc13ae4e9500003d,Bevan,Bertin,bbertin1p@go.com,Male,218.131.109.146
5f30c98dfc13ae4e9500003e,Marnie,Bushby,mbushby1q@meetup.com,Female,61.227.57.148
5f30c98dfc13ae4e9500003f,Merle,Nouch,mnouch1r@shop-pro.jp,Female,38.6.13.191
5f30c98dfc13ae4e95000040,Gale,Worrall,gworrall1s@bloglovin.com,Female,147.101.103.210
5f30c98dfc13ae4e95000041,Andee,Curran,acurran1t@yellowbook.com,Female,191.187.84.59
5f30c98dfc13ae4e95000042,Alisun,Diggar,adiggar1u@creativecommons.org,Female,62.113.252.178
5f30c98dfc13ae4e95000043,Sophia,Monaghan,smonaghan1v@fotki.com,Female,251.56.181.252
5f30c98dfc13ae4e95000044,Jarred,Harcase,jharcase1w@is.gd,Male,108.243.155.29
5f30c98dfc13ae4e95000045,Terrel,Bucknill,tbucknill1x@salon.com,Male,228.1.87.50
5f30c98dfc13ae4e95000046,Beverlie,Potteridge,bpotteridge1y@vimeo.com,Female,133.210.102.98
5f30c98dfc13ae4e95000047,Dorri,Claybourne,dclaybourne1z@whitehouse.gov,Female,11.68.214.61
5f30c98dfc13ae4e95000048,Maxim,Skough,mskough20@mac.com,Male,90.162.31.109
5f30c98dfc13ae4e95000049,Denny,Strongman,dstrongman21@wsj.com,Female,25.44.109.198
5f30c98dfc13ae4e9500004a,Yelena,Gahan,ygahan22@g.co,Female,40.100.24.119
5f30c98dfc13ae4e9500004b,Alina,Grumley,agrumley23@apple.com,Female,133.42.231.117
5f30c98dfc13ae4e9500004c,Stefan,Knifton,sknifton24@merriam-webster.com,Male,91.198.88.33
5f30c98dfc13ae4e9500004d,Brandy,Muckley,bmuckley25@sogou.com,Female,14.50.72.53
5f30c98dfc13ae4e9500004e,Gayle,Bernardeschi,gbernardeschi26@topsy.com,Male,208.123.199.40
5f30c98dfc13ae4e9500004f,Lotti,Monnery,lmonnery27@dailymail.co.uk,Female,136.80.37.205
5f30c98dfc13ae4e95000050,Maighdiln,Shoebridge,mshoebridge28@nature.com,Female,38.117.104.235
5f30c98dfc13ae4e95000051,Cristian,Brouwer,cbrouwer29@cnbc.com,Male,2.153.57.138
5f30c98dfc13ae4e95000052,Jaimie,Paramore,jparamore2a@vistaprint.com,Female,218.86.75.121
5f30c98dfc13ae4e95000053,Florian,De Morena,fdemorena2b@wordpress.org,Male,5.146.147.163
5f30c98dfc13ae4e95000054,Meghan,Oldford,moldford2c@amazon.co.uk,Female,208.112.59.170
5f30c98dfc13ae4e95000055,Tressa,Snadden,tsnadden2d@usda.gov,Female,9.104.197.77
5f30c98dfc13ae4e95000056,Field,Lively,flively2e@people.com.cn,Male,195.66.184.214
5f30c98dfc13ae4e95000057,Aloisia,Mewe,amewe2f@netvibes.com,Female,198.213.62.195
5f30c98dfc13ae4e95000058,Scott,McKendo,smckendo2g@fotki.com,Male,45.191.111.165
5f30c98dfc13ae4e95000059,Padriac,Jest,pjest2h@csmonitor.com,Male,88.69.86.215
5f30c98dfc13ae4e9500005a,Vladamir,Wedlake,vwedlake2i@skyrock.com,Male,92.132.46.13
5f30c98dfc13ae4e9500005b,Sena,Templar,stemplar2j@ning.com,Female,134.117.20.0
5f30c98dfc13ae4e9500005c,Xerxes,Craythorn,xcraythorn2k@arstechnica.com,Male,63.34.219.139
5f30c98dfc13ae4e9500005d,Cazzie,Lamplough,clamplough2l@w3.org,Male,218.15.240.248
5f30c98dfc13ae4e9500005e,Hayyim,Kilday,hkilday2m@wsj.com,Male,109.239.119.153
5f30c98dfc13ae4e9500005f,Dorri,Brownhill,dbrownhill2n@qq.com,Female,66.73.176.221
5f30c98dfc13ae4e95000060,Roley,Backsal,rbacksal2o@icq.com,Male,117.247.51.9
5f30c98dfc13ae4e95000061,Cassandre,Mouser,cmouser2p@unicef.org,Female,200.198.237.27
5f30c98dfc13ae4e95000062,Matthiew,Spurier,mspurier2q@who.int,Male,185.95.210.254
5f30c98dfc13ae4e95000063,Kora,Whiteley,kwhiteley2r@usnews.com,Female,136.8.150.107
5f30c98dfc13ae4e95000064,Romona,Cattroll,rcattroll2s@squidoo.com,Female,72.223.134.37
5f30c98dfc13ae4e95000065,Sanderson,Borres,sborres2t@walmart.com,Male,248.34.130.215
5f30c98dfc13ae4e95000066,Lenci,Borthe,lborthe2u@imdb.com,Male,29.17.15.39
5f30c98dfc13ae4e95000067,Edlin,Colchett,ecolchett2v@blog.com,Male,82.21.93.24
5f30c98dfc13ae4e95000068,Torey,Jeandeau,tjeandeau2w@wix.com,Male,203.107.113.91
5f30c98dfc13ae4e95000069,Freddy,Peasegod,fpeasegod2x@apache.org,Female,56.85.245.85
5f30c98dfc13ae4e9500006a,Abeu,Fausset,afausset2y@shop-pro.jp,Male,122.51.21.179
5f30c98dfc13ae4e9500006b,Christoper,Farryann,cfarryann2z@yelp.com,Male,218.118.72.193
5f30c98dfc13ae4e9500006c,Nari,Walstow,nwalstow30@home.pl,Female,122.182.48.35
5f30c98dfc13ae4e9500006d,Markos,Mackiewicz,mmackiewicz31@oakley.com,Male,215.159.182.221
5f30c98dfc13ae4e9500006e,Cyrille,Dawkins,cdawkins32@apple.com,Male,132.165.164.137
5f30c98dfc13ae4e9500006f,Peta,Kubicki,pkubicki33@imageshack.us,Female,56.131.61.49
5f30c98dfc13ae4e95000070,Chadwick,Sember,csember34@patch.com,Male,227.111.232.130
5f30c98dfc13ae4e95000071,Vallie,Tant,vtant35@ehow.com,Female,240.0.207.204
5f30c98dfc13ae4e95000072,Torey,Peckham,tpeckham36@examiner.com,Female,136.41.138.149
5f30c98dfc13ae4e95000073,Yulma,Gallelli,ygallelli37@skyrock.com,Male,210.196.162.87
5f30c98dfc13ae4e95000074,Chrisy,Cisland,ccisland38@guardian.co.uk,Male,200.82.134.187
5f30c98dfc13ae4e95000075,Garwood,Keers,gkeers39@ifeng.com,Male,195.173.217.10
5f30c98dfc13ae4e95000076,Ring,Puig,rpuig3a@lycos.com,Male,146.163.25.81
5f30c98dfc13ae4e95000077,Shaun,Winchester,swinchester3b@godaddy.com,Female,29.47.188.15
5f30c98dfc13ae4e95000078,Carroll,Broadbere,cbroadbere3c@irs.gov,Female,152.91.172.18
5f30c98dfc13ae4e95000079,Stafford,Longland,slongland3d@google.ru,Male,87.187.45.246
5f30c98dfc13ae4e9500007a,Nerti,Plessing,nplessing3e@vinaora.com,Female,221.86.92.53
5f30c98dfc13ae4e9500007b,Ethelind,Thunders,ethunders3f@cbc.ca,Female,226.111.68.197
5f30c98dfc13ae4e9500007c,Edlin,Barthelmes,ebarthelmes3g@intel.com,Male,175.200.249.48
5f30c98dfc13ae4e9500007d,Matthieu,Treagust,mtreagust3h@time.com,Male,118.31.210.11
5f30c98dfc13ae4e9500007e,Alicia,Burdekin,aburdekin3i@123-reg.co.uk,Female,110.204.243.2
5f30c98dfc13ae4e9500007f,Mavra,Shalcras,mshalcras3j@nps.gov,Female,180.104.67.2
5f30c98dfc13ae4e95000080,Janean,Kless,jkless3k@pagesperso-orange.fr,Female,54.47.220.113
5f30c98dfc13ae4e95000081,Reggy,Theodore,rtheodore3l@goodreads.com,Male,4.55.215.194
5f30c98dfc13ae4e95000082,Carolyne,Dayborne,cdayborne3m@acquirethisname.com,Female,127.141.65.126
5f30c98dfc13ae4e95000083,Bing,Fincke,bfincke3n@com.com,Male,212.1.232.242
5f30c98dfc13ae4e95000084,Elbertina,Wincer,ewincer3o@last.fm,Female,223.223.93.225
5f30c98dfc13ae4e95000085,Normie,Jowsey,njowsey3p@yellowbook.com,Male,242.95.86.9
5f30c98dfc13ae4e95000086,Barrie,Brandes,bbrandes3q@ca.gov,Female,211.178.162.133
5f30c98dfc13ae4e95000087,Freeland,Wallen,fwallen3r@java.com,Male,199.138.58.48
5f30c98dfc13ae4e95000088,Neile,Richten,nrichten3s@woothemes.com,Female,232.129.190.52
5f30c98dfc13ae4e95000089,Devondra,Brunnstein,dbrunnstein3t@dailymail.co.uk,Female,100.231.218.71
5f30c98dfc13ae4e9500008a,Jed,Jekyll,jjekyll3u@1688.com,Male,64.31.97.210
5f30c98dfc13ae4e9500008b,Ad,Megahey,amegahey3v@walmart.com,Male,37.202.153.138
5f30c98dfc13ae4e9500008c,Lynnette,Cassidy,lcassidy3w@craigslist.org,Female,111.128.245.55
5f30c98dfc13ae4e9500008d,Shanie,Waith,swaith3x@soup.io,Female,46.83.212.207
5f30c98dfc13ae4e9500008e,Jessie,Melliard,jmelliard3y@pcworld.com,Female,73.48.33.182
5f30c98dfc13ae4e9500008f,Shaun,Magovern,smagovern3z@zimbio.com,Male,50.133.38.168
5f30c98dfc13ae4e95000090,Fenelia,Rape,frape40@microsoft.com,Female,71.7.239.254
5f30c98dfc13ae4e95000091,Derrick,Charters,dcharters41@time.com,Male,247.66.225.228
5f30c98dfc13ae4e95000092,Zacherie,Drake,zdrake42@dot.gov,Male,92.133.108.190
5f30c98dfc13ae4e95000093,Hamil,Fardy,hfardy43@bloglines.com,Male,250.160.126.228
5f30c98dfc13ae4e95000094,Keen,Hold,khold44@guardian.co.uk,Male,157.37.193.47
5f30c98dfc13ae4e95000095,Greer,Kinman,gkinman45@technorati.com,Female,74.183.147.202
5f30c98dfc13ae4e95000096,Napoleon,Lindeberg,nlindeberg46@about.me,Male,224.83.209.176
5f30c98dfc13ae4e95000097,Ulrich,Tufts,utufts47@bandcamp.com,Male,134.33.228.140
5f30c98dfc13ae4e95000098,Sephira,Elphey,selphey48@rediff.com,Female,206.187.231.170
5f30c98dfc13ae4e95000099,Milton,Eivers,meivers49@networkadvertising.org,Male,16.168.243.200
5f30c98dfc13ae4e9500009a,Tyrone,Lovering,tlovering4a@hatena.ne.jp,Male,42.39.154.225
5f30c98dfc13ae4e9500009b,Shena,Dibner,sdibner4b@odnoklassniki.ru,Female,223.245.21.27
5f30c98dfc13ae4e9500009c,Cookie,Kiely,ckiely4c@chronoengine.com,Female,194.14.190.229
5f30c98dfc13ae4e9500009d,Annecorinne,Gages,agages4d@mayoclinic.com,Female,199.183.100.191
5f30c98dfc13ae4e9500009e,Zaneta,Jardine,zjardine4e@goodreads.com,Female,190.193.177.17
5f30c98dfc13ae4e9500009f,Horton,Leon,hleon4f@histats.com,Male,216.194.238.184
5f30c98dfc13ae4e950000a0,Warde,Petersen,wpetersen4g@infoseek.co.jp,Male,173.40.196.77
5f30c98dfc13ae4e950000a1,Darla,Esposito,desposito4h@nhs.uk,Female,57.232.237.142
5f30c98dfc13ae4e950000a2,Erin,Plows,eplows4i@apache.org,Male,173.126.195.12
5f30c98dfc13ae4e950000a3,Gerty,Mabb,gmabb4j@fc2.com,Female,57.157.155.58
5f30c98dfc13ae4e950000a4,Peder,Moxson,pmoxson4k@livejournal.com,Male,158.161.174.236
5f30c98dfc13ae4e950000a5,Caresa,Sebring,csebring4l@twitpic.com,Female,74.253.106.110
5f30c98dfc13ae4e950000a6,Anselma,Shiels,ashiels4m@ustream.tv,Female,120.73.232.109
5f30c98dfc13ae4e950000a7,Tristam,Mutch,tmutch4n@nih.gov,Male,54.220.149.224
5f30c98dfc13ae4e950000a8,Beverly,Semens,bsemens4o@phoca.cz,Female,250.73.165.44
5f30c98dfc13ae4e950000a9,Margie,Trowbridge,mtrowbridge4p@flickr.com,Female,66.191.244.136
5f30c98dfc13ae4e950000aa,Augustine,Merredy,amerredy4q@wikia.com,Female,157.198.39.166
5f30c98dfc13ae4e950000ab,Em,Rodway,erodway4r@amazon.co.uk,Male,39.47.246.115
5f30c98dfc13ae4e950000ac,Babette,Frankling,bfrankling4s@woothemes.com,Female,156.30.246.154
5f30c98dfc13ae4e950000ad,Teodoro,Meller,tmeller4t@list-manage.com,Male,251.97.121.101
5f30c98dfc13ae4e950000ae,Dionne,Filyaev,dfilyaev4u@imageshack.us,Female,251.222.55.95
5f30c98dfc13ae4e950000af,Reamonn,Redbourn,rredbourn4v@cargocollective.com,Male,46.162.253.129
5f30c98dfc13ae4e950000b0,Lorenzo,Yerlett,lyerlett4w@ehow.com,Male,105.205.164.189
5f30c98dfc13ae4e950000b1,Connor,Purtell,cpurtell4x@clickbank.net,Male,46.28.65.148
5f30c98dfc13ae4e950000b2,Janela,Berge,jberge4y@dyndns.org,Female,223.241.124.40
5f30c98dfc13ae4e950000b3,Crissie,Murney,cmurney4z@angelfire.com,Female,42.243.179.202
5f30c98dfc13ae4e950000b4,Dillon,Hurley,dhurley50@tmall.com,Male,50.165.83.75
5f30c98dfc13ae4e950000b5,Maia,Gayne,mgayne51@jigsy.com,Female,61.72.186.105
5f30c98dfc13ae4e950000b6,Lanette,Grainger,lgrainger52@domainmarket.com,Female,79.47.133.236
5f30c98dfc13ae4e950000b7,Kylie,Petrushka,kpetrushka53@nyu.edu,Male,128.196.140.115
5f30c98dfc13ae4e950000b8,Al,Rudolf,arudolf54@alexa.com,Male,130.220.180.76
5f30c98dfc13ae4e950000b9,Rodrique,Clemensen,rclemensen55@techcrunch.com,Male,132.196.255.132
5f30c98dfc13ae4e950000ba,Holden,Armatage,harmatage56@dagondesign.com,Male,135.26.88.6
5f30c98dfc13ae4e950000bb,Bathsheba,Swett,bswett57@bigcartel.com,Female,199.8.175.169
5f30c98dfc13ae4e950000bc,Malva,Colbourne,mcolbourne58@globo.com,Female,232.186.248.81
5f30c98dfc13ae4e950000bd,Gwynne,MacCawley,gmaccawley59@cloudflare.com,Female,253.108.161.62
5f30c98dfc13ae4e950000be,Sandor,Tregien,stregien5a@studiopress.com,Male,64.80.180.152
5f30c98dfc13ae4e950000bf,Rayna,Leebetter,rleebetter5b@alexa.com,Female,213.159.167.114
5f30c98dfc13ae4e950000c0,Colan,McLelland,cmclelland5c@umich.edu,Male,150.57.69.209
5f30c98dfc13ae4e950000c1,Mitchell,Tripet,mtripet5d@printfriendly.com,Male,61.17.210.15
5f30c98dfc13ae4e950000c2,Heddi,Klimczak,hklimczak5e@aboutads.info,Female,232.179.102.36
5f30c98dfc13ae4e950000c3,Dulcy,Fransman,dfransman5f@constantcontact.com,Female,36.229.146.1
5f30c98dfc13ae4e950000c4,Chet,Wyer,cwyer5g@dmoz.org,Male,146.120.106.69
5f30c98dfc13ae4e950000c5,Lucio,Symper,lsymper5h@php.net,Male,160.32.183.152
5f30c98dfc13ae4e950000c6,Daria,Bolles,dbolles5i@odnoklassniki.ru,Female,208.148.51.119
5f30c98dfc13ae4e950000c7,Chaim,Escott,cescott5j@epa.gov,Male,204.248.72.35
5f30c98dfc13ae4e950000c8,Puff,Hugues,phugues5k@home.pl,Male,220.215.243.135
5f30c98dfc13ae4e950000c9,Lelia,Nealand,lnealand5l@sciencedirect.com,Female,141.140.31.110
5f30c98dfc13ae4e950000ca,Eamon,Magarrell,emagarrell5m@ed.gov,Male,212.79.83.187
5f30c98dfc13ae4e950000cb,Dottie,Tossell,dtossell5n@altervista.org,Female,124.173.43.233
5f30c98dfc13ae4e950000cc,Modesty,Youd,myoud5o@miibeian.gov.cn,Female,60.41.234.243
5f30c98dfc13ae4e950000cd,Sherri,Cromley,scromley5p@usa.gov,Female,23.49.193.111
5f30c98dfc13ae4e950000ce,Ernst,Brecknall,ebrecknall5q@google.ru,Male,56.246.57.233
5f30c98dfc13ae4e950000cf,Lou,Woltering,lwoltering5r@google.it,Female,152.168.52.71
5f30c98dfc13ae4e950000d0,Vitia,Dart,vdart5s@wired.com,Female,227.183.230.30
5f30c98dfc13ae4e950000d1,Hailey,Menguy,hmenguy5t@unc.edu,Male,140.62.89.244
5f30c98dfc13ae4e950000d2,Brocky,Bende,bbende5u@jugem.jp,Male,230.59.84.91
5f30c98dfc13ae4e950000d3,Evelina,Mawby,emawby5v@about.me,Female,219.73.197.113
5f30c98dfc13ae4e950000d4,Normy,Ogilby,nogilby5w@ihg.com,Male,204.40.170.162
5f30c98dfc13ae4e950000d5,Fran,Shillom,fshillom5x@princeton.edu,Male,71.40.176.60
5f30c98dfc13ae4e950000d6,Fanny,Bwye,fbwye5y@is.gd,Female,179.80.179.225
5f30c98dfc13ae4e950000d7,Toiboid,Kiley,tkiley5z@globo.com,Male,4.97.35.39
5f30c98dfc13ae4e950000d8,Clemmy,Tawton,ctawton60@washingtonpost.com,Female,220.144.155.51
5f30c98dfc13ae4e950000d9,Elle,Fishly,efishly61@europa.eu,Female,154.227.173.61
5f30c98dfc13ae4e950000da,Daphne,Headland,dheadland62@mail.ru,Female,241.113.35.120
5f30c98dfc13ae4e950000db,Alexandro,Houltham,ahoultham63@fema.gov,Male,126.99.99.22
5f30c98dfc13ae4e950000dc,Ignacius,Lemonnier,ilemonnier64@surveymonkey.com,Male,170.21.84.31
5f30c98dfc13ae4e950000dd,Vikky,Mulryan,vmulryan65@technorati.com,Female,175.143.124.240
5f30c98dfc13ae4e950000de,Hewitt,Ayliffe,hayliffe66@wp.com,Male,104.180.52.200
5f30c98dfc13ae4e950000df,Tobi,Widger,twidger67@nhs.uk,Female,104.122.60.255
5f30c98dfc13ae4e950000e0,Lyda,Spearman,lspearman68@de.vu,Female,227.192.116.62
5f30c98dfc13ae4e950000e1,Ly,Millson,lmillson69@wisc.edu,Male,167.174.138.245
5f30c98dfc13ae4e950000e2,Elnar,Leyes,eleyes6a@house.gov,Male,231.44.133.106
5f30c98dfc13ae4e950000e3,Dianna,Raycroft,draycroft6b@nih.gov,Female,159.175.250.72
5f30c98dfc13ae4e950000e4,Valentijn,Freegard,vfreegard6c@histats.com,Male,141.60.244.72
5f30c98dfc13ae4e950000e5,Alfie,Larcher,alarcher6d@biblegateway.com,Female,229.172.187.190
5f30c98dfc13ae4e950000e6,Inglis,Feavyour,ifeavyour6e@com.com,Male,232.202.239.207
5f30c98dfc13ae4e950000e7,Danya,Breese,dbreese6f@samsung.com,Female,67.231.144.214
5f30c98dfc13ae4e950000e8,Ilka,Marqyes,imarqyes6g@prlog.org,Female,131.221.77.142
5f30c98dfc13ae4e950000e9,Ozzie,Musso,omusso6h@networkadvertising.org,Male,75.241.3.80
5f30c98dfc13ae4e950000ea,Jennette,Danaher,jdanaher6i@walmart.com,Female,255.72.36.219
5f30c98dfc13ae4e950000eb,Rochelle,Fernyhough,rfernyhough6j@godaddy.com,Female,134.41.206.61
5f30c98dfc13ae4e950000ec,Eyde,Narramore,enarramore6k@edublogs.org,Female,65.66.237.128
5f30c98dfc13ae4e950000ed,Katti,Heugel,kheugel6l@amazon.co.jp,Female,96.168.236.254
5f30c98dfc13ae4e950000ee,Shadow,Leahey,sleahey6m@virginia.edu,Male,199.199.151.213
5f30c98dfc13ae4e950000ef,Minette,Ferreiro,mferreiro6n@archive.org,Female,100.168.158.168
5f30c98dfc13ae4e950000f0,Darn,Tiron,dtiron6o@ca.gov,Male,205.67.132.189
5f30c98dfc13ae4e950000f1,Bridie,Allchorne,ballchorne6p@studiopress.com,Female,193.230.159.155
5f30c98dfc13ae4e950000f2,Vanya,Pepperell,vpepperell6q@army.mil,Female,220.16.237.124
5f30c98dfc13ae4e950000f3,Susanna,Phillipp,sphillipp6r@goo.ne.jp,Female,69.112.86.76
5f30c98dfc13ae4e950000f4,Opal,Sakins,osakins6s@unicef.org,Female,126.34.144.48
5f30c98dfc13ae4e950000f5,Rowena,Scrimshire,rscrimshire6t@whitehouse.gov,Female,140.192.29.84
5f30c98dfc13ae4e950000f6,Lemmy,Pickin,lpickin6u@xing.com,Male,169.94.206.7
5f30c98dfc13ae4e950000f7,Linea,Skidmore,lskidmore6v@yale.edu,Female,84.200.237.100
5f30c98dfc13ae4e950000f8,Trula,McKeefry,tmckeefry6w@pagesperso-orange.fr,Female,144.127.191.147
5f30c98dfc13ae4e950000f9,Levi,Krauze,lkrauze6x@yolasite.com,Male,251.123.152.95
5f30c98dfc13ae4e950000fa,Kayley,McCutcheon,kmccutcheon6y@ucsd.edu,Female,186.64.202.207
5f30c98dfc13ae4e950000fb,Tan,Raycroft,traycroft6z@umn.edu,Male,225.240.151.70
5f30c98dfc13ae4e950000fc,Zed,Hulbert,zhulbert70@cocolog-nifty.com,Male,211.172.123.122
5f30c98dfc13ae4e950000fd,Karissa,Totaro,ktotaro71@livejournal.com,Female,217.22.174.137
5f30c98dfc13ae4e950000fe,Perren,Bonnesen,pbonnesen72@yolasite.com,Male,84.118.28.6
5f30c98dfc13ae4e950000ff,Jerry,Ripping,jripping73@smh.com.au,Male,88.86.153.189
5f30c98dfc13ae4e95000100,Kelcey,Ferguson,kferguson74@ted.com,Female,141.38.73.202
5f30c98dfc13ae4e95000101,Lisle,Konke,lkonke75@sourceforge.net,Male,253.160.175.75
5f30c98dfc13ae4e95000102,Georgianne,Kolodziej,gkolodziej76@independent.co.uk,Female,83.39.36.155
5f30c98dfc13ae4e95000103,Marinna,Rentz,mrentz77@huffingtonpost.com,Female,232.8.28.136
5f30c98dfc13ae4e95000104,Lowell,Bote,lbote78@qq.com,Male,103.15.224.235
5f30c98dfc13ae4e95000105,Pietra,Midghall,pmidghall79@ezinearticles.com,Female,32.178.34.236
5f30c98dfc13ae4e95000106,Romonda,McLarty,rmclarty7a@shutterfly.com,Female,167.116.138.150
5f30c98dfc13ae4e95000107,Johnathon,Kmicicki,jkmicicki7b@xinhuanet.com,Male,161.30.195.22
5f30c98dfc13ae4e95000108,Yolane,Ca,yca7c@addtoany.com,Female,168.61.41.17
5f30c98dfc13ae4e95000109,Claudie,Wiszniewski,cwiszniewski7d@symantec.com,Female,120.145.168.33
5f30c98dfc13ae4e9500010a,Cammi,Vescovini,cvescovini7e@studiopress.com,Female,195.254.173.165
5f30c98dfc13ae4e9500010b,Durante,Warrack,dwarrack7f@addtoany.com,Male,34.1.49.173
5f30c98dfc13ae4e9500010c,Violet,Van der Velden,vvandervelden7g@yale.edu,Female,65.138.85.15
5f30c98dfc13ae4e9500010d,Evania,Zoren,ezoren7h@npr.org,Female,33.6.239.24
5f30c98dfc13ae4e9500010e,Wilt,Bodiam,wbodiam7i@newyorker.com,Male,75.39.253.13
5f30c98dfc13ae4e9500010f,Corenda,Ralston,cralston7j@go.com,Female,140.126.185.130
5f30c98dfc13ae4e95000110,Florina,Ewenson,fewenson7k@abc.net.au,Female,231.149.132.66
5f30c98dfc13ae4e95000111,Rabi,Aslet,raslet7l@mozilla.org,Male,117.97.90.199
5f30c98dfc13ae4e95000112,Emmy,Wigmore,ewigmore7m@house.gov,Female,159.194.40.10
5f30c98dfc13ae4e95000113,Berry,McGlone,bmcglone7n@loc.gov,Female,44.94.64.168
5f30c98dfc13ae4e95000114,Lenna,Hutt,lhutt7o@vimeo.com,Female,253.158.190.204
5f30c98dfc13ae4e95000115,Abagael,Ludlam,aludlam7p@hc360.com,Female,45.23.233.103
5f30c98dfc13ae4e95000116,Sammie,Crop,scrop7q@sfgate.com,Male,138.235.231.234
5f30c98dfc13ae4e95000117,Della,Landa,dlanda7r@pbs.org,Female,44.215.103.28
5f30c98dfc13ae4e95000118,Atlanta,Jentzsch,ajentzsch7s@dion.ne.jp,Female,53.193.131.34
5f30c98dfc13ae4e95000119,Englebert,Becraft,ebecraft7t@amazon.com,Male,173.85.161.73
5f30c98dfc13ae4e9500011a,Gay,Mixon,gmixon7u@arizona.edu,Male,240.115.61.190
5f30c98dfc13ae4e9500011b,Lamond,Talman,ltalman7v@phpbb.com,Male,220.199.37.85
5f30c98dfc13ae4e9500011c,Shel,Grazier,sgrazier7w@princeton.edu,Female,213.126.57.176
5f30c98dfc13ae4e9500011d,Ester,Ching,eching7x@123-reg.co.uk,Female,153.56.68.3
5f30c98dfc13ae4e9500011e,Merilee,Landsberg,mlandsberg7y@wp.com,Female,174.92.106.206
5f30c98dfc13ae4e9500011f,Jedediah,Hulett,jhulett7z@cbslocal.com,Male,92.136.245.29
5f30c98dfc13ae4e95000120,Dita,Caldaro,dcaldaro80@amazon.com,Female,237.189.151.107
5f30c98dfc13ae4e95000121,Brigida,Mackie,bmackie81@surveymonkey.com,Female,131.179.200.73
5f30c98dfc13ae4e95000122,Tabbatha,Bagniuk,tbagniuk82@ucsd.edu,Female,144.248.94.188
5f30c98dfc13ae4e95000123,Aurie,Casely,acasely83@ustream.tv,Female,218.32.91.27
5f30c98dfc13ae4e95000124,Abelard,Bootman,abootman84@wikipedia.org,Male,251.225.54.218
5f30c98dfc13ae4e95000125,Kimberlee,Purshouse,kpurshouse85@yellowbook.com,Female,131.158.2.112
5f30c98dfc13ae4e95000126,Percival,Rock,prock86@skype.com,Male,193.211.144.239
5f30c98dfc13ae4e95000127,Des,Loffhead,dloffhead87@devhub.com,Male,53.201.202.1
5f30c98dfc13ae4e95000128,Jephthah,Gude,jgude88@usatoday.com,Male,96.85.18.237
5f30c98dfc13ae4e95000129,Gannon,Younghusband,gyounghusband89@yandex.ru,Male,226.194.244.106
5f30c98dfc13ae4e9500012a,Marshall,Dobinson,mdobinson8a@noaa.gov,Male,254.63.156.128
5f30c98dfc13ae4e9500012b,Dido,Oehm,doehm8b@hp.com,Female,14.182.187.37
5f30c98dfc13ae4e9500012c,Scarface,Menhci,smenhci8c@google.de,Male,167.28.115.212
5f30c98dfc13ae4e9500012d,Dennet,Yellowley,dyellowley8d@npr.org,Male,152.135.221.51
5f30c98dfc13ae4e9500012e,Michell,Forrington,mforrington8e@csmonitor.com,Female,27.205.231.165
5f30c98dfc13ae4e9500012f,Gale,Antao,gantao8f@springer.com,Female,142.56.167.69
5f30c98dfc13ae4e95000130,Cassondra,Englefield,cenglefield8g@rambler.ru,Female,41.183.230.231
5f30c98dfc13ae4e95000131,Winslow,Beevor,wbeevor8h@amazon.co.jp,Male,45.211.142.220
5f30c98dfc13ae4e95000132,Mick,Kinforth,mkinforth8i@trellian.com,Male,98.248.174.44
5f30c98dfc13ae4e95000133,Al,Belfelt,abelfelt8j@pagesperso-orange.fr,Male,212.77.48.208
5f30c98dfc13ae4e95000134,Yardley,Fintoph,yfintoph8k@mozilla.org,Male,21.194.53.143
5f30c98dfc13ae4e95000135,Angela,Shotboulte,ashotboulte8l@spotify.com,Female,166.207.0.1
5f30c98dfc13ae4e95000136,Imogen,Espinosa,iespinosa8m@upenn.edu,Female,1.201.191.209
5f30c98dfc13ae4e95000137,Cherilyn,Legat,clegat8n@purevolume.com,Female,218.106.31.160
5f30c98dfc13ae4e95000138,Dionne,Izon,dizon8o@ox.ac.uk,Female,41.102.210.199
5f30c98dfc13ae4e95000139,Karee,Copas,kcopas8p@shop-pro.jp,Female,17.155.69.184
5f30c98dfc13ae4e9500013a,Gene,Ashington,gashington8q@patch.com,Female,132.84.86.6
5f30c98dfc13ae4e9500013b,Trumaine,Spileman,tspileman8r@tamu.edu,Male,190.211.231.225
5f30c98dfc13ae4e9500013c,Garvin,Affleck,gaffleck8s@examiner.com,Male,180.209.105.141
5f30c98dfc13ae4e9500013d,Wallache,Schultheiss,wschultheiss8t@jigsy.com,Male,78.51.197.248
5f30c98dfc13ae4e9500013e,Kellby,Lowdeane,klowdeane8u@hubpages.com,Male,158.128.170.248
5f30c98dfc13ae4e9500013f,Erika,Colenutt,ecolenutt8v@nyu.edu,Female,121.235.108.164
5f30c98dfc13ae4e95000140,Reba,De Angelo,rdeangelo8w@dion.ne.jp,Female,82.36.52.55
5f30c98dfc13ae4e95000141,Jeanine,Eastcourt,jeastcourt8x@baidu.com,Female,100.163.213.27
5f30c98dfc13ae4e95000142,Zane,Colgan,zcolgan8y@imdb.com,Male,110.119.252.158
5f30c98dfc13ae4e95000143,Regina,Kenwrick,rkenwrick8z@gmpg.org,Female,236.166.164.26
5f30c98dfc13ae4e95000144,Suzann,Hessay,shessay90@spiegel.de,Female,207.78.232.4
5f30c98dfc13ae4e95000145,Drake,Agent,dagent91@about.me,Male,237.156.5.250
5f30c98dfc13ae4e95000146,Donn,Kryszkiecicz,dkryszkiecicz92@economist.com,Male,45.146.118.108
5f30c98dfc13ae4e95000147,Kaila,Cherm,kcherm93@theatlantic.com,Female,55.158.128.191
5f30c98dfc13ae4e95000148,Codie,Rivalland,crivalland94@reddit.com,Male,73.159.98.145
5f30c98dfc13ae4e95000149,Toby,Tremayle,ttremayle95@addthis.com,Female,208.146.132.243
5f30c98dfc13ae4e9500014a,Shalom,Rumbold,srumbold96@wunderground.com,Male,7.54.45.249
5f30c98dfc13ae4e9500014b,Zonnya,Fyall,zfyall97@biblegateway.com,Female,6.193.236.246
5f30c98dfc13ae4e9500014c,Ernesto,Sargeant,esargeant98@phpbb.com,Male,167.24.3.240
5f30c98dfc13ae4e9500014d,Emlynn,Di Roberto,ediroberto99@issuu.com,Female,108.194.71.49
5f30c98dfc13ae4e9500014e,Penni,Novis,pnovis9a@ustream.tv,Female,158.191.124.231
5f30c98dfc13ae4e9500014f,Wadsworth,Dobbson,wdobbson9b@google.co.uk,Male,54.186.110.142
5f30c98dfc13ae4e95000150,Hildy,Basillon,hbasillon9c@nytimes.com,Female,73.91.216.156
5f30c98dfc13ae4e95000151,Orland,Alcoran,oalcoran9d@eventbrite.com,Male,86.51.155.53
5f30c98dfc13ae4e95000152,Sibyl,Bolles,sbolles9e@unblog.fr,Female,16.51.64.7
5f30c98dfc13ae4e95000153,Norean,Larrosa,nlarrosa9f@so-net.ne.jp,Female,125.75.228.227
5f30c98dfc13ae4e95000154,Bridget,Birkenhead,bbirkenhead9g@tinyurl.com,Female,244.135.204.74
5f30c98dfc13ae4e95000155,Bear,Andryunin,bandryunin9h@dell.com,Male,109.200.162.172
5f30c98dfc13ae4e95000156,Giordano,Isaak,gisaak9i@ox.ac.uk,Male,224.19.180.112
5f30c98dfc13ae4e95000157,Kean,Phlippi,kphlippi9j@eepurl.com,Male,130.7.19.170
5f30c98dfc13ae4e95000158,Sasha,Redsull,sredsull9k@issuu.com,Female,90.114.13.115
5f30c98dfc13ae4e95000159,Mildred,Haet,mhaet9l@stumbleupon.com,Female,239.225.100.173
5f30c98dfc13ae4e9500015a,Carmon,Milkins,cmilkins9m@google.nl,Female,234.222.201.124
5f30c98dfc13ae4e9500015b,Chrissy,Ramelot,cramelot9n@china.com.cn,Female,105.176.134.119
5f30c98dfc13ae4e9500015c,Mill,Adamovitz,madamovitz9o@tinyurl.com,Male,67.56.232.116
5f30c98dfc13ae4e9500015d,Felizio,Courtliff,fcourtliff9p@wiley.com,Male,72.123.29.141
5f30c98dfc13ae4e9500015e,Tades,Lacky,tlacky9q@irs.gov,Male,25.195.126.43
5f30c98dfc13ae4e9500015f,Mar,Baldree,mbaldree9r@umich.edu,Male,175.36.138.205
5f30c98dfc13ae4e95000160,Johnathan,Iorizzo,jiorizzo9s@slate.com,Male,148.50.18.136
5f30c98dfc13ae4e95000161,Gus,Bahl,gbahl9t@infoseek.co.jp,Male,100.210.45.240
5f30c98dfc13ae4e95000162,Elmo,Squibe,esquibe9u@samsung.com,Male,219.88.151.45
5f30c98dfc13ae4e95000163,Darbie,Martello,dmartello9v@multiply.com,Female,252.170.244.245
5f30c98dfc13ae4e95000164,Brietta,Edy,bedy9w@mozilla.com,Female,68.225.0.162
5f30c98dfc13ae4e95000165,Maggee,Winser,mwinser9x@google.ru,Female,239.174.238.31
5f30c98dfc13ae4e95000166,Jessalyn,Edgeworth,jedgeworth9y@stumbleupon.com,Female,13.96.65.99
5f30c98dfc13ae4e95000167,Tally,Greenroa,tgreenroa9z@wix.com,Female,24.38.9.105
5f30c98dfc13ae4e95000168,Neille,McIlriach,nmcilriacha0@tripod.com,Female,28.49.194.240
5f30c98dfc13ae4e95000169,Herbie,Jordine,hjordinea1@chicagotribune.com,Male,130.207.23.21
5f30c98dfc13ae4e9500016a,Aeriel,Pennycuick,apennycuicka2@soundcloud.com,Female,181.61.228.176
5f30c98dfc13ae4e9500016b,Clarine,Hobell,chobella3@shutterfly.com,Female,98.72.186.92
5f30c98dfc13ae4e9500016c,Ranna,Foulkes,rfoulkesa4@youtube.com,Female,139.20.229.103
5f30c98dfc13ae4e9500016d,Colver,Verrechia,cverrechiaa5@google.nl,Male,233.165.242.249
5f30c98dfc13ae4e9500016e,Stefa,Lally,slallya6@facebook.com,Female,131.141.27.44
5f30c98dfc13ae4e9500016f,Karee,McMakin,kmcmakina7@cam.ac.uk,Female,236.104.68.160
5f30c98dfc13ae4e95000170,Leone,Van Oort,lvanoorta8@unesco.org,Female,67.87.111.26
5f30c98dfc13ae4e95000171,Sara,Neiland,sneilanda9@joomla.org,Female,12.214.233.248
5f30c98dfc13ae4e95000172,Kenneth,Heathorn,kheathornaa@parallels.com,Male,100.141.114.103
5f30c98dfc13ae4e95000173,Kriste,Gutsell,kgutsellab@washingtonpost.com,Female,133.115.237.198
5f30c98dfc13ae4e95000174,Gregorius,Minter,gminterac@theatlantic.com,Male,144.220.88.88
5f30c98dfc13ae4e95000175,Siegfried,Stendell,sstendellad@hc360.com,Male,42.182.234.188
5f30c98dfc13ae4e95000176,Lindsay,Delacroux,ldelacrouxae@rambler.ru,Male,35.77.67.154
5f30c98dfc13ae4e95000177,Dell,Sneaker,dsneakeraf@amazon.de,Female,111.236.44.106
5f30c98efc13ae4e95000178,Maisie,Miebes,mmiebesag@nydailynews.com,Female,61.241.36.38
5f30c98efc13ae4e95000179,Winfred,Aggiss,waggissah@harvard.edu,Male,168.7.133.119
5f30c98efc13ae4e9500017a,Jonathon,Oman,jomanai@dailymail.co.uk,Male,4.169.23.42
5f30c98efc13ae4e9500017b,Kiel,Rodenborch,krodenborchaj@myspace.com,Male,204.132.201.214
5f30c98efc13ae4e9500017c,Avrit,Reveland,arevelandak@mediafire.com,Female,78.44.110.52
5f30c98efc13ae4e9500017d,Laney,Tippett,ltippettal@accuweather.com,Male,89.104.148.56
5f30c98efc13ae4e9500017e,Jodee,Skillings,jskillingsam@foxnews.com,Female,48.69.97.118
5f30c98efc13ae4e9500017f,Eddi,Coughlan,ecoughlanan@infoseek.co.jp,Female,216.172.128.100
5f30c98efc13ae4e95000180,Matthias,Lockitt,mlockittao@squarespace.com,Male,118.53.4.120
5f30c98efc13ae4e95000181,Jarrett,Hallum,jhallumap@examiner.com,Male,46.126.98.118
5f30c98efc13ae4e95000182,Odelinda,Alliberton,oallibertonaq@reverbnation.com,Female,224.94.47.222
5f30c98efc13ae4e95000183,Shandra,Rolph,srolphar@ucoz.com,Female,23.30.2.175
5f30c98efc13ae4e95000184,Lezley,Grishinov,lgrishinovas@zdnet.com,Male,55.138.6.178
5f30c98efc13ae4e95000185,Chiquia,Yewen,cyewenat@nyu.edu,Female,28.159.78.131
5f30c98efc13ae4e95000186,Guinevere,Schistl,gschistlau@bravesites.com,Female,15.93.92.84
5f30c98efc13ae4e95000187,Holly,Bigglestone,hbigglestoneav@netscape.com,Male,248.242.113.140
5f30c98efc13ae4e95000188,Doroteya,Kruger,dkrugeraw@harvard.edu,Female,148.121.199.20
5f30c98efc13ae4e95000189,Micaela,Mewton,mmewtonax@deviantart.com,Female,11.175.87.235
5f30c98efc13ae4e9500018a,Lucio,Martinson,lmartinsonay@walmart.com,Male,86.209.113.225
5f30c98efc13ae4e9500018b,Theressa,Sebrens,tsebrensaz@vinaora.com,Female,205.29.212.199
5f30c98efc13ae4e9500018c,Neila,Ysson,nyssonb0@yellowbook.com,Female,44.213.143.178
5f30c98efc13ae4e9500018d,Alexis,Lafontaine,alafontaineb1@theguardian.com,Female,208.34.145.141
5f30c98efc13ae4e9500018e,Alberik,Manicom,amanicomb2@bbc.co.uk,Male,18.170.179.213
5f30c98efc13ae4e9500018f,Kinsley,Tregale,ktregaleb3@sciencedaily.com,Male,40.208.17.202
5f30c98efc13ae4e95000190,Shirlene,Hanks,shanksb4@wufoo.com,Female,15.227.206.12
5f30c98efc13ae4e95000191,Flo,Dunsford,fdunsfordb5@irs.gov,Female,41.216.2.27
5f30c98efc13ae4e95000192,Eugenia,Fargie,efargieb6@chronoengine.com,Female,105.53.22.102
5f30c98efc13ae4e95000193,Homer,Dodshon,hdodshonb7@salon.com,Male,84.243.80.155
5f30c98efc13ae4e95000194,Dannel,Haffard,dhaffardb8@apple.com,Male,218.163.149.157
5f30c98efc13ae4e95000195,Adan,Iacomo,aiacomob9@mapy.cz,Female,109.164.101.110
5f30c98efc13ae4e95000196,Giles,Coughlin,gcoughlinba@globo.com,Male,144.157.82.151
5f30c98efc13ae4e95000197,Willi,Fife,wfifebb@about.me,Male,11.20.31.191
5f30c98efc13ae4e95000198,Vittoria,McKechnie,vmckechniebc@prweb.com,Female,214.255.111.129
5f30c98efc13ae4e95000199,Howey,Rochford,hrochfordbd@reuters.com,Male,143.198.218.17
5f30c98efc13ae4e9500019a,Jamey,Rebeiro,jrebeirobe@clickbank.net,Male,8.2.157.151
5f30c98efc13ae4e9500019b,Joelle,Filippyev,jfilippyevbf@instagram.com,Female,208.204.187.181
5f30c98efc13ae4e9500019c,Jayson,McCullogh,jmcculloghbg@mozilla.com,Male,159.30.165.143
5f30c98efc13ae4e9500019d,Murial,Chartman,mchartmanbh@ask.com,Female,207.53.104.125
5f30c98efc13ae4e9500019e,Kasper,Battlestone,kbattlestonebi@goo.gl,Male,70.11.225.241
5f30c98efc13ae4e9500019f,Trumaine,Orsman,torsmanbj@intel.com,Male,145.81.127.221
5f30c98efc13ae4e950001a0,Alika,Tine,atinebk@so-net.ne.jp,Female,122.235.104.250
5f30c98efc13ae4e950001a1,Josi,Cousans,jcousansbl@etsy.com,Female,113.71.55.43
5f30c98efc13ae4e950001a2,Tommy,Escott,tescottbm@columbia.edu,Male,242.115.115.237
5f30c98efc13ae4e950001a3,Roldan,Reicharz,rreicharzbn@princeton.edu,Male,91.17.84.59
5f30c98efc13ae4e950001a4,Eolande,Gutch,egutchbo@rambler.ru,Female,38.63.136.49
5f30c98efc13ae4e950001a5,Nels,Blowne,nblownebp@wordpress.com,Male,237.142.210.104
5f30c98efc13ae4e950001a6,Rozele,Cescotti,rcescottibq@cornell.edu,Female,117.108.237.192
5f30c98efc13ae4e950001a7,Dorise,De Giorgio,ddegiorgiobr@nationalgeographic.com,Female,119.159.72.220
5f30c98efc13ae4e950001a8,Adelaide,Ramey,arameybs@so-net.ne.jp,Female,39.60.161.213
5f30c98efc13ae4e950001a9,Louie,Gilhooly,lgilhoolybt@census.gov,Male,105.130.233.152
5f30c98efc13ae4e950001aa,Boothe,Petrowsky,bpetrowskybu@slashdot.org,Male,202.198.45.27
5f30c98efc13ae4e950001ab,Hymie,Edlyne,hedlynebv@independent.co.uk,Male,98.144.199.144
5f30c98efc13ae4e950001ac,Berry,Lautie,blautiebw@indiatimes.com,Female,122.158.14.60
5f30c98efc13ae4e950001ad,Dyane,Eisikowitz,deisikowitzbx@clickbank.net,Female,92.234.157.66
5f30c98efc13ae4e950001ae,Freedman,Ellsbury,fellsburyby@illinois.edu,Male,246.113.236.1
5f30c98efc13ae4e950001af,Brinna,Huggons,bhuggonsbz@amazon.de,Female,82.160.82.22
5f30c98efc13ae4e950001b0,Frank,Divis,fdivisc0@amazonaws.com,Male,222.4.224.92
5f30c98efc13ae4e950001b1,Emile,Brent,ebrentc1@apple.com,Male,163.32.98.146
5f30c98efc13ae4e950001b2,Ira,Wetherby,iwetherbyc2@prlog.org,Female,141.13.144.124
5f30c98efc13ae4e950001b3,Thomasina,Dowyer,tdowyerc3@va.gov,Female,210.43.99.2
5f30c98efc13ae4e950001b4,Holt,Clemmen,hclemmenc4@barnesandnoble.com,Male,241.67.147.84
5f30c98efc13ae4e950001b5,Carolynn,Wiper,cwiperc5@home.pl,Female,105.103.153.43
5f30c98efc13ae4e950001b6,Stefa,Lear,slearc6@elpais.com,Female,43.147.36.34
5f30c98efc13ae4e950001b7,Antoinette,Trayton,atraytonc7@vk.com,Female,11.66.16.21
5f30c98efc13ae4e950001b8,Adler,Chavrin,achavrinc8@samsung.com,Male,210.134.172.49
5f30c98efc13ae4e950001b9,Adler,Ensley,aensleyc9@blogs.com,Male,255.119.16.98
5f30c98efc13ae4e950001ba,Rani,Poles,rpolesca@ocn.ne.jp,Female,63.67.52.34
5f30c98efc13ae4e950001bb,Rikki,Crockford,rcrockfordcb@tmall.com,Male,173.175.202.156
5f30c98efc13ae4e950001bc,Ike,Amphlett,iamphlettcc@weather.com,Male,42.118.100.16
5f30c98efc13ae4e950001bd,Purcell,Van Son,pvansoncd@alexa.com,Male,73.59.35.147
5f30c98efc13ae4e950001be,Arny,Ellif,aellifce@disqus.com,Male,240.26.175.52
5f30c98efc13ae4e950001bf,Maddy,Manske,mmanskecf@a8.net,Female,113.163.65.138
5f30c98efc13ae4e950001c0,Thekla,Crust,tcrustcg@dot.gov,Female,48.59.133.122
5f30c98efc13ae4e950001c1,Wenona,Slimme,wslimmech@ehow.com,Female,224.92.175.20
5f30c98efc13ae4e950001c2,Nevins,Bannell,nbannellci@ebay.com,Male,175.157.183.161
5f30c98efc13ae4e950001c3,Meyer,Alldred,malldredcj@creativecommons.org,Male,62.219.243.116
5f30c98efc13ae4e950001c4,Ario,McElhinney,amcelhinneyck@exblog.jp,Male,159.22.9.21
5f30c98efc13ae4e950001c5,Frankie,Micheau,fmicheaucl@mapy.cz,Male,14.120.49.85
5f30c98efc13ae4e950001c6,Blithe,People,bpeoplecm@prlog.org,Female,50.42.253.44
5f30c98efc13ae4e950001c7,Shannan,Cail,scailcn@shinystat.com,Male,54.178.47.239
5f30c98efc13ae4e950001c8,Worth,Chate,wchateco@slideshare.net,Male,35.43.187.179
5f30c98efc13ae4e950001c9,Ernestine,Schooling,eschoolingcp@wordpress.org,Female,175.154.62.209
5f30c98efc13ae4e950001ca,Marlo,Cleen,mcleencq@tinypic.com,Male,165.186.47.197
5f30c98efc13ae4e950001cb,Babbette,Gebhardt,bgebhardtcr@zdnet.com,Female,196.231.248.210
5f30c98efc13ae4e950001cc,Karlee,Gullan,kgullancs@utexas.edu,Female,235.28.88.75
5f30c98efc13ae4e950001cd,Petunia,Briffett,pbriffettct@reddit.com,Female,55.4.240.121
5f30c98efc13ae4e950001ce,Salmon,Longbone,slongbonecu@addthis.com,Male,38.232.27.82
5f30c98efc13ae4e950001cf,Paul,Cracknell,pcracknellcv@foxnews.com,Male,219.130.134.189
5f30c98efc13ae4e950001d0,Tucky,Wattingham,twattinghamcw@newyorker.com,Male,246.120.215.5
5f30c98efc13ae4e950001d1,Letitia,Guinery,lguinerycx@goo.ne.jp,Female,152.251.122.210
5f30c98efc13ae4e950001d2,Yehudit,Jinda,yjindacy@tripod.com,Male,200.173.180.97
5f30c98efc13ae4e950001d3,Ermin,Gunthorpe,egunthorpecz@cnn.com,Male,208.188.81.105
5f30c98efc13ae4e950001d4,Dosi,McElane,dmcelaned0@youku.com,Female,153.248.153.136
5f30c98efc13ae4e950001d5,Jervis,Breslau,jbreslaud1@globo.com,Male,30.198.86.200
5f30c98efc13ae4e950001d6,Kienan,Abrahami,kabrahamid2@addtoany.com,Male,180.17.192.19
5f30c98efc13ae4e950001d7,Meghann,Pauer,mpauerd3@oakley.com,Female,38.8.109.202
5f30c98efc13ae4e950001d8,Dane,Piggens,dpiggensd4@psu.edu,Male,52.136.82.96
5f30c98efc13ae4e950001d9,Hastings,Kensington,hkensingtond5@spiegel.de,Male,42.192.113.222
5f30c98efc13ae4e950001da,Allie,Clowton,aclowtond6@usda.gov,Male,232.100.222.29
5f30c98efc13ae4e950001db,Chane,Suston,csustond7@tmall.com,Male,66.77.5.10
5f30c98efc13ae4e950001dc,Roderigo,Rowledge,rrowledged8@bigcartel.com,Male,225.129.184.65
5f30c98efc13ae4e950001dd,Uriah,Cluer,ucluerd9@bravesites.com,Male,185.241.102.204
5f30c98efc13ae4e950001de,Bryana,Pinnere,bpinnereda@jiathis.com,Female,211.94.205.130
5f30c98efc13ae4e950001df,Rory,Checcuzzi,rcheccuzzidb@cbsnews.com,Female,121.114.118.148
5f30c98efc13ae4e950001e0,Kessiah,Hurley,khurleydc@sbwire.com,Female,226.252.247.15
5f30c98efc13ae4e950001e1,Rina,Hassell,rhasselldd@wufoo.com,Female,41.135.181.204
5f30c98efc13ae4e950001e2,Sofia,Print,sprintde@amazon.co.jp,Female,226.222.234.91
5f30c98efc13ae4e950001e3,Mandie,Sewill,msewilldf@is.gd,Female,63.40.10.174
5f30c98efc13ae4e950001e4,Chic,Carl,ccarldg@fastcompany.com,Male,81.228.26.78
5f30c98efc13ae4e950001e5,Sib,Gerrett,sgerrettdh@thetimes.co.uk,Female,2.116.170.4
5f30c98efc13ae4e950001e6,Ilario,Scrace,iscracedi@about.me,Male,182.212.132.194
5f30c98efc13ae4e950001e7,Sandra,Romagnosi,sromagnosidj@behance.net,Female,144.118.187.195
5f30c98efc13ae4e950001e8,Nancy,Feldon,nfeldondk@auda.org.au,Female,113.213.9.166
5f30c98efc13ae4e950001e9,Melamie,Groucock,mgroucockdl@lycos.com,Female,13.116.142.221
5f30c98efc13ae4e950001ea,Ninette,Geydon,ngeydondm@deviantart.com,Female,56.247.166.221
5f30c98efc13ae4e950001eb,Gaylor,Haselgrove,ghaselgrovedn@1und1.de,Male,114.24.189.149
5f30c98efc13ae4e950001ec,Corbin,Thornally,cthornallydo@bbb.org,Male,227.164.187.60
5f30c98efc13ae4e950001ed,Amalie,Camilli,acamillidp@army.mil,Female,167.174.118.171
5f30c98efc13ae4e950001ee,Donnell,Gisbey,dgisbeydq@cyberchimps.com,Male,240.208.64.153
5f30c98efc13ae4e950001ef,Jessee,Durtnal,jdurtnaldr@ucoz.ru,Male,68.114.211.26
5f30c98efc13ae4e950001f0,Kasper,McEntagart,kmcentagartds@unblog.fr,Male,174.167.183.146
5f30c98efc13ae4e950001f1,Micaela,O'Luney,moluneydt@bandcamp.com,Female,92.46.108.63
5f30c98efc13ae4e950001f2,Lara,Dowdell,ldowdelldu@mozilla.org,Female,215.182.8.10
5f30c98efc13ae4e950001f3,Pen,Saing,psaingdv@livejournal.com,Male,202.241.132.5
5f30c98efc13ae4e950001f4,Percival,Dust,pdustdw@jugem.jp,Male,172.193.116.243
5f30c98efc13ae4e950001f5,Glenn,Cowser,gcowserdx@mashable.com,Male,77.144.126.183
5f30c98efc13ae4e950001f6,Lind,Stayte,lstaytedy@pinterest.com,Female,77.229.31.40
5f30c98efc13ae4e950001f7,Trumann,Kondratyuk,tkondratyukdz@hp.com,Male,30.166.17.20
5f30c98efc13ae4e950001f8,Katuscha,McReedy,kmcreedye0@dyndns.org,Female,227.216.167.37
5f30c98efc13ae4e950001f9,Abie,Hegge,aheggee1@freewebs.com,Male,175.226.86.67
5f30c98efc13ae4e950001fa,Jonas,Falk,jfalke2@comsenz.com,Male,36.202.12.178
5f30c98efc13ae4e950001fb,Gun,Spedding,gspeddinge3@salon.com,Male,66.131.134.208
5f30c98efc13ae4e950001fc,Carmella,Dederick,cdedericke4@deliciousdays.com,Female,72.33.206.153
5f30c98efc13ae4e950001fd,Reginauld,Endean,rendeane5@edublogs.org,Male,135.76.8.194
5f30c98efc13ae4e950001fe,Kristian,Coy,kcoye6@acquirethisname.com,Male,243.112.37.171
5f30c98efc13ae4e950001ff,Flynn,Breming,fbreminge7@1688.com,Male,36.169.176.237
5f30c98efc13ae4e95000200,Jonis,Simenel,jsimenele8@unesco.org,Female,86.151.116.189
5f30c98efc13ae4e95000201,Nessie,Beauchop,nbeauchope9@istockphoto.com,Female,56.55.84.43
5f30c98efc13ae4e95000202,Dawna,Pashley,dpashleyea@yahoo.co.jp,Female,231.187.10.145
5f30c98efc13ae4e95000203,Aron,Ribou,ariboueb@friendfeed.com,Male,164.240.149.252
5f30c98efc13ae4e95000204,Ronald,Cavan,rcavanec@so-net.ne.jp,Male,189.98.100.35
5f30c98efc13ae4e95000205,Nils,Saltern,nsalterned@amazonaws.com,Male,109.46.34.253
5f30c98efc13ae4e95000206,Pinchas,Beatens,pbeatensee@aol.com,Male,224.89.12.39
5f30c98efc13ae4e95000207,Debby,Woodward,dwoodwardef@tmall.com,Female,158.212.203.40
5f30c98efc13ae4e95000208,Patricio,Astbery,pastberyeg@about.me,Male,102.2.197.44
5f30c98efc13ae4e95000209,Shalom,Donaher,sdonahereh@chronoengine.com,Male,34.234.211.238
5f30c98efc13ae4e9500020a,Evangelina,Cristofano,ecristofanoei@slideshare.net,Female,73.20.199.255
5f30c98efc13ae4e9500020b,Lotte,D'Andrea,ldandreaej@answers.com,Female,103.106.10.238
5f30c98efc13ae4e9500020c,Laurie,Looker,llookerek@facebook.com,Male,245.249.173.73
5f30c98efc13ae4e9500020d,Petunia,Durrant,pdurrantel@illinois.edu,Female,97.167.36.138
5f30c98efc13ae4e9500020e,Fredek,Springall,fspringallem@cbslocal.com,Male,138.191.108.103
5f30c98efc13ae4e9500020f,Adrianne,Trethowan,atrethowanen@github.io,Female,218.19.178.168
5f30c98efc13ae4e95000210,Tiphanie,Lorenz,tlorenzeo@who.int,Female,108.187.235.132
5f30c98efc13ae4e95000211,Terrye,Wharfe,twharfeep@shinystat.com,Female,132.245.205.230
5f30c98efc13ae4e95000212,William,O'Dempsey,wodempseyeq@shop-pro.jp,Male,39.195.23.199
5f30c98efc13ae4e95000213,Mata,Monnoyer,mmonnoyerer@icio.us,Male,80.26.233.101
5f30c98efc13ae4e95000214,Powell,Sabie,psabiees@hubpages.com,Male,84.20.77.122
5f30c98efc13ae4e95000215,Isiahi,Itshak,iitshaket@godaddy.com,Male,200.113.184.92
5f30c98efc13ae4e95000216,Tracey,Terren,tterreneu@mlb.com,Female,11.132.81.152
5f30c98efc13ae4e95000217,Andreas,Henzley,ahenzleyev@google.es,Male,76.34.81.151
5f30c98efc13ae4e95000218,Gonzales,Metherell,gmetherellew@mtv.com,Male,85.152.220.5
5f30c98efc13ae4e95000219,Kingsly,Sutehall,ksutehallex@cdc.gov,Male,62.80.224.115
5f30c98efc13ae4e9500021a,Boot,Scollard,bscollardey@shareasale.com,Male,182.146.27.220
5f30c98efc13ae4e9500021b,Lonnie,Liffe,lliffeez@parallels.com,Female,42.80.135.236
5f30c98efc13ae4e9500021c,Shari,Staining,sstainingf0@ustream.tv,Female,155.4.132.115
5f30c98efc13ae4e9500021d,Christy,Gaveltone,cgaveltonef1@com.com,Female,31.26.201.106
5f30c98efc13ae4e9500021e,Ricki,Jinkinson,rjinkinsonf2@nydailynews.com,Male,177.84.18.153
5f30c98efc13ae4e9500021f,Annmaria,Shilston,ashilstonf3@samsung.com,Female,87.150.102.148
5f30c98efc13ae4e95000220,Worden,Sprulls,wsprullsf4@jiathis.com,Male,54.79.31.9
5f30c98efc13ae4e95000221,Erv,Gillooly,egilloolyf5@slashdot.org,Male,225.116.252.170
5f30c98efc13ae4e95000222,Meir,Pioch,mpiochf6@nsw.gov.au,Male,125.104.235.8
5f30c98efc13ae4e95000223,Linda,Cappleman,lcapplemanf7@state.tx.us,Female,174.248.231.149
5f30c98efc13ae4e95000224,Berkly,Ullyatt,bullyattf8@timesonline.co.uk,Male,125.158.214.126
5f30c98efc13ae4e95000225,Gilles,Synke,gsynkef9@bloomberg.com,Male,167.39.184.244
5f30c98efc13ae4e95000226,Vladimir,Bison,vbisonfa@istockphoto.com,Male,167.226.90.79
5f30c98efc13ae4e95000227,Nollie,Ayling,naylingfb@cafepress.com,Male,0.57.89.105
5f30c98efc13ae4e95000228,Ibbie,Newens,inewensfc@jimdo.com,Female,74.164.48.174
5f30c98efc13ae4e95000229,Lucky,Ricco,lriccofd@china.com.cn,Female,251.156.226.154
5f30c98efc13ae4e9500022a,Micky,Gilbert,mgilbertfe@yolasite.com,Male,31.19.191.208
5f30c98efc13ae4e9500022b,Ailsun,Trowl,atrowlff@independent.co.uk,Female,139.252.45.118
5f30c98efc13ae4e9500022c,Glennie,Toulch,gtoulchfg@istockphoto.com,Female,189.132.140.225
5f30c98efc13ae4e9500022d,Brina,Espinas,bespinasfh@symantec.com,Female,165.26.126.240
5f30c98efc13ae4e9500022e,Burton,Dooman,bdoomanfi@com.com,Male,4.184.7.211
5f30c98efc13ae4e9500022f,Amara,Zoppo,azoppofj@chron.com,Female,55.147.98.53
5f30c98efc13ae4e95000230,Marcelo,Hubber,mhubberfk@google.co.jp,Male,33.178.199.80
5f30c98efc13ae4e95000231,Sandor,McGillecole,smcgillecolefl@delicious.com,Male,66.179.109.70
5f30c98efc13ae4e95000232,Meaghan,Sarjant,msarjantfm@jimdo.com,Female,22.72.229.11
5f30c98efc13ae4e95000233,Maryanne,Colquitt,mcolquittfn@phpbb.com,Female,162.179.55.202
5f30c98efc13ae4e95000234,Julina,Gulberg,jgulbergfo@ifeng.com,Female,179.61.197.26
5f30c98efc13ae4e95000235,Edd,Penton,epentonfp@nydailynews.com,Male,2.75.153.134
5f30c98efc13ae4e95000236,Rhys,Windaybank,rwindaybankfq@yahoo.com,Male,20.14.67.41
5f30c98efc13ae4e95000237,Jock,Matyushonok,jmatyushonokfr@ucoz.com,Male,41.81.240.60
5f30c98efc13ae4e95000238,Wash,Dallender,wdallenderfs@nytimes.com,Male,239.28.68.8
5f30c98efc13ae4e95000239,Mendel,Dakhov,mdakhovft@bravesites.com,Male,92.239.194.117
5f30c98efc13ae4e9500023a,Marv,Fyall,mfyallfu@myspace.com,Male,72.208.31.236
5f30c98efc13ae4e9500023b,Cheslie,Kirtlan,ckirtlanfv@apple.com,Female,35.132.33.215
5f30c98efc13ae4e9500023c,Mischa,Rolin,mrolinfw@cafepress.com,Male,89.146.3.180
5f30c98efc13ae4e9500023d,Quintana,FitzGilbert,qfitzgilbertfx@altervista.org,Female,210.173.169.160
5f30c98efc13ae4e9500023e,Maximilien,Slograve,mslogravefy@army.mil,Male,168.230.8.205
5f30c98efc13ae4e9500023f,Norby,Drage,ndragefz@istockphoto.com,Male,180.194.103.1
5f30c98efc13ae4e95000240,Dom,Marages,dmaragesg0@wikimedia.org,Male,181.141.238.96
5f30c98efc13ae4e95000241,Reena,Reeder,rreederg1@guardian.co.uk,Female,101.126.175.188
5f30c98efc13ae4e95000242,Irwinn,Wiseman,iwisemang2@archive.org,Male,101.38.122.124
5f30c98efc13ae4e95000243,Tuck,Castilla,tcastillag3@360.cn,Male,3.50.27.108
5f30c98efc13ae4e95000244,Dell,Donneely,ddonneelyg4@dell.com,Female,161.33.57.155
5f30c98efc13ae4e95000245,Luise,Leving,llevingg5@blog.com,Female,172.41.199.196
5f30c98efc13ae4e95000246,Lombard,Gregol,lgregolg6@163.com,Male,135.164.201.15
5f30c98efc13ae4e95000247,Concettina,Dobbson,cdobbsong7@buzzfeed.com,Female,56.156.200.241
5f30c98efc13ae4e95000248,Luigi,Klaff,lklaffg8@miitbeian.gov.cn,Male,223.1.22.100
5f30c98efc13ae4e95000249,Garwood,Sapwell,gsapwellg9@un.org,Male,241.30.42.132
5f30c98efc13ae4e9500024a,Lizzie,Hegges,lheggesga@about.com,Female,141.213.107.238
5f30c98efc13ae4e9500024b,Colline,Ashpole,cashpolegb@google.fr,Female,130.63.167.144
5f30c98efc13ae4e9500024c,Son,Beurich,sbeurichgc@yahoo.co.jp,Male,193.121.219.160
5f30c98efc13ae4e9500024d,Kathlin,Joska,kjoskagd@cdbaby.com,Female,54.243.133.93
5f30c98efc13ae4e9500024e,Pearce,Lineker,plinekerge@bloomberg.com,Male,47.185.81.55
5f30c98efc13ae4e9500024f,Dolorita,Nary,dnarygf@trellian.com,Female,1.67.255.174
5f30c98efc13ae4e95000250,Daphne,Sutcliffe,dsutcliffegg@arizona.edu,Female,114.140.160.222
5f30c98efc13ae4e95000251,Herbie,McLemon,hmclemongh@cloudflare.com,Male,199.142.213.54
5f30c98efc13ae4e95000252,Marcille,Marton,mmartongi@amazon.co.jp,Female,168.213.107.201
5f30c98efc13ae4e95000253,Batsheva,Oakenfull,boakenfullgj@webeden.co.uk,Female,50.85.59.5
5f30c98efc13ae4e95000254,Jamie,Asch,jaschgk@bing.com,Female,28.241.45.150
5f30c98efc13ae4e95000255,Diann,Mechi,dmechigl@sciencedirect.com,Female,30.171.27.171
5f30c98efc13ae4e95000256,Dalt,Manderson,dmandersongm@bluehost.com,Male,178.145.233.109
5f30c98efc13ae4e95000257,Tresa,Gianni,tgiannign@statcounter.com,Female,208.4.34.18
5f30c98efc13ae4e95000258,Waite,Tittletross,wtittletrossgo@skype.com,Male,20.33.16.160
5f30c98efc13ae4e95000259,Dora,Van den Dael,dvandendaelgp@sun.com,Female,245.16.129.137
5f30c98efc13ae4e9500025a,Barnabe,Cochrane,bcochranegq@chronoengine.com,Male,125.26.174.220
5f30c98efc13ae4e9500025b,Teresita,Doul,tdoulgr@cam.ac.uk,Female,96.96.247.133
5f30c98efc13ae4e9500025c,Leda,Szachniewicz,lszachniewiczgs@weebly.com,Female,105.244.4.166
5f30c98efc13ae4e9500025d,Artie,Dresse,adressegt@umn.edu,Male,249.246.79.229
5f30c98efc13ae4e9500025e,Ewen,Scemp,escempgu@discuz.net,Male,211.104.214.101
5f30c98efc13ae4e9500025f,Rhea,Paolazzi,rpaolazzigv@mapy.cz,Female,42.11.16.255
5f30c98efc13ae4e95000260,Donovan,Brandenburg,dbrandenburggw@google.fr,Male,47.254.202.173
5f30c98efc13ae4e95000261,Obie,Simione,osimionegx@mtv.com,Male,238.23.24.214
5f30c98efc13ae4e95000262,Ignaz,Allardyce,iallardycegy@twitpic.com,Male,71.138.90.214
5f30c98efc13ae4e95000263,Osborn,Jirak,ojirakgz@twitpic.com,Male,52.0.210.191
5f30c98efc13ae4e95000264,Abie,Fry,afryh0@furl.net,Male,5.231.99.193
5f30c98efc13ae4e95000265,Mano,Kelinge,mkelingeh1@amazon.de,Male,184.154.143.214
5f30c98efc13ae4e95000266,Elora,Blakemore,eblakemoreh2@harvard.edu,Female,74.184.170.92
5f30c98efc13ae4e95000267,Lucille,Ronald,lronaldh3@disqus.com,Female,21.191.12.173
5f30c98efc13ae4e95000268,Marge,O'Hoey,mohoeyh4@lycos.com,Female,251.211.147.33
5f30c98efc13ae4e95000269,Sosanna,Leverentz,sleverentzh5@clickbank.net,Female,62.250.18.198
5f30c98efc13ae4e9500026a,Ellene,Guynemer,eguynemerh6@tripadvisor.com,Female,50.239.77.3
5f30c98efc13ae4e9500026b,Laughton,Colpus,lcolpush7@hatena.ne.jp,Male,246.192.235.85
5f30c98efc13ae4e9500026c,Wilfrid,Wurz,wwurzh8@sakura.ne.jp,Male,97.72.91.201
5f30c98efc13ae4e9500026d,Kelley,Pates,kpatesh9@china.com.cn,Female,255.138.37.252
5f30c98efc13ae4e9500026e,Benjamen,Kellie,bkellieha@networksolutions.com,Male,184.145.215.60
5f30c98efc13ae4e9500026f,Andrea,Badder,abadderhb@joomla.org,Female,68.201.120.123
5f30c98efc13ae4e95000270,Gradeigh,Divill,gdivillhc@ox.ac.uk,Male,187.70.9.173
5f30c98efc13ae4e95000271,Man,Filipczak,mfilipczakhd@answers.com,Male,11.26.73.146
5f30c98efc13ae4e95000272,Vasilis,Wankling,vwanklinghe@merriam-webster.com,Male,123.224.124.209
5f30c98efc13ae4e95000273,Reagan,Cowely,rcowelyhf@mapy.cz,Male,91.139.83.236
5f30c98efc13ae4e95000274,Tracie,Gerty,tgertyhg@github.com,Female,72.98.84.242
5f30c98efc13ae4e95000275,Forest,Polack,fpolackhh@examiner.com,Male,188.231.169.114
5f30c98efc13ae4e95000276,Jo ann,Mercey,jmerceyhi@cbslocal.com,Female,96.137.226.79
5f30c98efc13ae4e95000277,Ilysa,Fere,iferehj@google.ru,Female,165.59.237.117
5f30c98efc13ae4e95000278,Stefano,Middler,smiddlerhk@bloomberg.com,Male,144.24.209.219
5f30c98efc13ae4e95000279,Margarita,Durrant,mdurranthl@cbslocal.com,Female,18.202.147.209
5f30c98efc13ae4e9500027a,Tannie,McLaren,tmclarenhm@qq.com,Male,127.253.58.114
5f30c98efc13ae4e9500027b,Felisha,Creenan,fcreenanhn@nydailynews.com,Female,109.184.145.16
5f30c98efc13ae4e9500027c,Bink,Ruffli,bruffliho@globo.com,Male,187.46.252.251
5f30c98efc13ae4e9500027d,Beret,Fitzroy,bfitzroyhp@xrea.com,Female,103.49.203.50
5f30c98efc13ae4e9500027e,Con,MacKenzie,cmackenziehq@reverbnation.com,Male,64.73.138.62
5f30c98efc13ae4e9500027f,Gibby,Verrillo,gverrillohr@unesco.org,Male,233.125.95.121
5f30c98efc13ae4e95000280,Ginni,Bathowe,gbathowehs@technorati.com,Female,47.218.44.32
5f30c98efc13ae4e95000281,Lexy,Kippen,lkippenht@tinyurl.com,Female,46.27.24.170
5f30c98efc13ae4e95000282,Siegfried,Hannay,shannayhu@mit.edu,Male,59.66.58.223
5f30c98efc13ae4e95000283,Zenia,Harler,zharlerhv@seesaa.net,Female,200.206.216.231
5f30c98efc13ae4e95000284,Misti,Espie,mespiehw@chronoengine.com,Female,196.51.62.12
5f30c98efc13ae4e95000285,Celene,Phelit,cphelithx@vkontakte.ru,Female,73.240.34.108
5f30c98efc13ae4e95000286,Valle,Taffee,vtaffeehy@twitter.com,Male,98.204.235.153
5f30c98efc13ae4e95000287,Trevor,Dearden,tdeardenhz@histats.com,Male,37.188.182.218
5f30c98efc13ae4e95000288,Virgina,Douris,vdourisi0@ucla.edu,Female,18.125.165.6
5f30c98efc13ae4e95000289,Piggy,Bedle,pbedlei1@dailymotion.com,Male,101.215.127.11
5f30c98efc13ae4e9500028a,Joellen,Cornu,jcornui2@marketwatch.com,Female,38.107.165.25
5f30c98efc13ae4e9500028b,Nikolaos,Clunie,ncluniei3@issuu.com,Male,166.121.248.48
5f30c98efc13ae4e9500028c,Roy,Ofer,roferi4@wikipedia.org,Male,54.215.246.84
5f30c98efc13ae4e9500028d,Abbe,Neising,aneisingi5@360.cn,Male,78.231.78.9
5f30c98efc13ae4e9500028e,Rourke,Kovalski,rkovalskii6@live.com,Male,217.192.36.112
5f30c98efc13ae4e9500028f,Cybill,Steely,csteelyi7@cpanel.net,Female,23.224.183.218
5f30c98efc13ae4e95000290,Cam,Castiglioni,ccastiglionii8@themeforest.net,Male,117.18.14.74
5f30c98efc13ae4e95000291,Tiffi,Ranahan,tranahani9@boston.com,Female,193.125.29.3
5f30c98efc13ae4e95000292,Sherie,Jedrzejewski,sjedrzejewskiia@dyndns.org,Female,241.45.232.164
5f30c98efc13ae4e95000293,Franklyn,Smissen,fsmissenib@harvard.edu,Male,245.205.191.204
5f30c98efc13ae4e95000294,Joycelin,Else,jelseic@census.gov,Female,15.234.121.213
5f30c98efc13ae4e95000295,Georgeta,Fordham,gfordhamid@clickbank.net,Female,137.57.176.179
5f30c98efc13ae4e95000296,Erhard,Hexam,ehexamie@studiopress.com,Male,246.181.53.50
5f30c98efc13ae4e95000297,Cati,Tarling,ctarlingif@aol.com,Female,246.135.41.82
5f30c98efc13ae4e95000298,Harwell,Jozef,hjozefig@dailymail.co.uk,Male,195.1.96.10
5f30c98efc13ae4e95000299,Mal,Schirach,mschirachih@europa.eu,Male,94.111.107.197
5f30c98efc13ae4e9500029a,Trula,Lovitt,tlovittii@msn.com,Female,155.152.108.236
5f30c98efc13ae4e9500029b,Gilly,Tran,gtranij@domainmarket.com,Female,132.117.92.248
5f30c98efc13ae4e9500029c,Gus,Hartigan,ghartiganik@meetup.com,Male,155.221.22.50
5f30c98efc13ae4e9500029d,Tabor,McGraith,tmcgraithil@dedecms.com,Male,104.165.92.195
5f30c98efc13ae4e9500029e,Devan,Klarzynski,dklarzynskiim@cmu.edu,Female,103.154.234.78
5f30c98efc13ae4e9500029f,Felic,Harbron,fharbronin@plala.or.jp,Male,156.119.193.64
5f30c98efc13ae4e950002a0,Chester,Petford,cpetfordio@blogtalkradio.com,Male,0.111.6.40
5f30c98efc13ae4e950002a1,Bern,Bathow,bbathowip@g.co,Male,206.113.41.12
5f30c98efc13ae4e950002a2,Ginny,Erickssen,gericksseniq@ftc.gov,Female,255.12.130.177
5f30c98efc13ae4e950002a3,Alanson,Mayoral,amayoralir@biglobe.ne.jp,Male,135.216.180.235
5f30c98efc13ae4e950002a4,Kristian,Lawful,klawfulis@twitter.com,Male,68.113.192.199
5f30c98efc13ae4e950002a5,Leopold,Geraghty,lgeraghtyit@bbc.co.uk,Male,189.182.209.127
5f30c98efc13ae4e950002a6,Garry,McClymond,gmcclymondiu@oakley.com,Male,5.132.86.234
5f30c98efc13ae4e950002a7,Merrielle,Panchin,mpanchiniv@state.gov,Female,110.88.180.191
5f30c98efc13ae4e950002a8,Daniela,Gerge,dgergeiw@gravatar.com,Female,72.230.2.119
5f30c98efc13ae4e950002a9,Carleen,Coomer,ccoomerix@alibaba.com,Female,27.233.28.237
5f30c98efc13ae4e950002aa,Giff,Adrianello,gadrianelloiy@topsy.com,Male,214.204.91.210
5f30c98efc13ae4e950002ab,Cleveland,Merkel,cmerkeliz@house.gov,Male,240.105.254.63
5f30c98efc13ae4e950002ac,Ellynn,Rogeron,erogeronj0@chicagotribune.com,Female,232.65.23.162
5f30c98efc13ae4e950002ad,Thorpe,Heball,theballj1@nytimes.com,Male,221.144.63.89
5f30c98efc13ae4e950002ae,Krystal,Gherardesci,kgherardescij2@artisteer.com,Female,174.217.216.73
5f30c98efc13ae4e950002af,Lisetta,Patching,lpatchingj3@barnesandnoble.com,Female,65.75.100.53
5f30c98efc13ae4e950002b0,Elsinore,Coucher,ecoucherj4@nsw.gov.au,Female,33.38.91.204
5f30c98efc13ae4e950002b1,Francesca,Klima,fklimaj5@ft.com,Female,74.17.104.191
5f30c98efc13ae4e950002b2,Jae,Kilcullen,jkilcullenj6@goo.gl,Male,215.57.95.126
5f30c98efc13ae4e950002b3,Velvet,Hick,vhickj7@yelp.com,Female,146.93.106.41
5f30c98efc13ae4e950002b4,Abbott,Barwood,abarwoodj8@microsoft.com,Male,213.51.168.173
5f30c98efc13ae4e950002b5,Talia,Cunniam,tcunniamj9@nydailynews.com,Female,213.98.183.145
5f30c98efc13ae4e950002b6,Clemente,Zecchinelli,czecchinellija@disqus.com,Male,254.77.179.228
5f30c98efc13ae4e950002b7,Xenos,Drynan,xdrynanjb@artisteer.com,Male,107.100.63.189
5f30c98efc13ae4e950002b8,Whit,Rosenfield,wrosenfieldjc@slate.com,Male,117.10.129.250
5f30c98efc13ae4e950002b9,Lon,Rosson,lrossonjd@vk.com,Male,228.205.108.116
5f30c98efc13ae4e950002ba,Evelyn,Zeal,ezealje@spiegel.de,Male,224.33.186.150
5f30c98efc13ae4e950002bb,Vic,Pomery,vpomeryjf@youku.com,Male,31.25.161.217
5f30c98efc13ae4e950002bc,Alan,Belden,abeldenjg@rakuten.co.jp,Male,234.68.196.9
5f30c98efc13ae4e950002bd,Karol,Vanyutin,kvanyutinjh@sbwire.com,Female,117.32.146.184
5f30c98efc13ae4e950002be,Evangeline,Leftbridge,eleftbridgeji@biblegateway.com,Female,9.42.128.228
5f30c98efc13ae4e950002bf,Tessy,McGilvray,tmcgilvrayjj@hao123.com,Female,211.140.34.48
5f30c98efc13ae4e950002c0,Fionnula,Pfaffel,fpfaffeljk@tuttocitta.it,Female,13.45.250.218
5f30c98efc13ae4e950002c1,Porter,Boggis,pboggisjl@naver.com,Male,241.213.241.166
5f30c98efc13ae4e950002c2,Verina,Pipworth,vpipworthjm@latimes.com,Female,153.55.0.249
5f30c98efc13ae4e950002c3,Leda,Yardy,lyardyjn@themeforest.net,Female,111.20.204.210
5f30c98efc13ae4e950002c4,Birgitta,Muris,bmurisjo@dailymotion.com,Female,98.13.217.231
5f30c98efc13ae4e950002c5,Klaus,Tregonna,ktregonnajp@purevolume.com,Male,11.232.219.55
5f30c98efc13ae4e950002c6,Marline,Aspy,maspyjq@salon.com,Female,19.52.115.243
5f30c98efc13ae4e950002c7,Erma,Seedman,eseedmanjr@joomla.org,Female,109.91.9.2
5f30c98efc13ae4e950002c8,Morissa,Gagg,mgaggjs@vimeo.com,Female,225.86.58.113
5f30c98efc13ae4e950002c9,Donica,Broughton,dbroughtonjt@prlog.org,Female,218.6.200.201
5f30c98efc13ae4e950002ca,Keelia,Gepp,kgeppju@apple.com,Female,10.80.9.212
5f30c98efc13ae4e950002cb,Jacky,Durston,jdurstonjv@wordpress.com,Male,39.44.120.244
5f30c98efc13ae4e950002cc,Analiese,Heggman,aheggmanjw@marketwatch.com,Female,83.102.153.59
5f30c98efc13ae4e950002cd,Malia,Bowling,mbowlingjx@abc.net.au,Female,59.65.207.90
5f30c98efc13ae4e950002ce,Prescott,Lawerence,plawerencejy@seattletimes.com,Male,181.227.241.226
5f30c98efc13ae4e950002cf,Darsey,Deverick,ddeverickjz@yolasite.com,Female,168.11.173.167
5f30c98efc13ae4e950002d0,Shoshana,Pawley,spawleyk0@salon.com,Female,24.24.236.99
5f30c98efc13ae4e950002d1,Tyson,Zuenelli,tzuenellik1@jugem.jp,Male,112.27.154.85
5f30c98efc13ae4e950002d2,Claudian,Hegerty,chegertyk2@ask.com,Male,245.146.180.38
5f30c98efc13ae4e950002d3,Lenore,Mapson,lmapsonk3@globo.com,Female,183.199.48.145
5f30c98efc13ae4e950002d4,Marnia,Sulley,msulleyk4@usda.gov,Female,204.63.168.215
5f30c98efc13ae4e950002d5,Brok,Ayling,baylingk5@godaddy.com,Male,119.140.56.168
5f30c98efc13ae4e950002d6,Dolph,Sinney,dsinneyk6@shutterfly.com,Male,6.56.137.219
5f30c98efc13ae4e950002d7,Erskine,Drakes,edrakesk7@discovery.com,Male,69.205.216.176
5f30c98efc13ae4e950002d8,Willamina,Boys,wboysk8@fema.gov,Female,234.142.46.130
5f30c98efc13ae4e950002d9,Tabby,Temperton,ttempertonk9@apple.com,Male,177.68.48.118
5f30c98efc13ae4e950002da,Virginia,Gheerhaert,vgheerhaertka@jimdo.com,Female,152.93.235.171
5f30c98efc13ae4e950002db,Clemmie,Guerreru,cguerrerukb@wordpress.org,Female,87.114.147.128
5f30c98efc13ae4e950002dc,Rahel,Tume,rtumekc@imdb.com,Female,1.90.141.241
5f30c98efc13ae4e950002dd,Hashim,Reijmers,hreijmerskd@fc2.com,Male,230.229.44.58
5f30c98efc13ae4e950002de,Lotte,Bautiste,lbautisteke@godaddy.com,Female,76.131.8.47
5f30c98efc13ae4e950002df,Pascal,Willwood,pwillwoodkf@examiner.com,Male,54.242.54.203
5f30c98efc13ae4e950002e0,Lorette,Wilcox,lwilcoxkg@techcrunch.com,Female,60.118.183.172
5f30c98efc13ae4e950002e1,Gerladina,Joyner,gjoynerkh@zdnet.com,Female,23.122.26.167
5f30c98efc13ae4e950002e2,El,Jorez,ejorezki@google.com.hk,Male,169.69.213.210
5f30c98efc13ae4e950002e3,Angelina,MacNeillie,amacneilliekj@goo.ne.jp,Female,249.186.144.101
5f30c98efc13ae4e950002e4,Vinita,Kloser,vkloserkk@aol.com,Female,77.55.152.207
5f30c98efc13ae4e950002e5,Jacobo,Kellart,jkellartkl@odnoklassniki.ru,Male,194.209.122.63
5f30c98efc13ae4e950002e6,Kellsie,Jentet,kjentetkm@ed.gov,Female,79.9.103.165
5f30c98efc13ae4e950002e7,Teddie,Whybray,twhybraykn@comcast.net,Male,192.10.7.100
5f30c98efc13ae4e950002e8,Jannel,Romanin,jromaninko@slideshare.net,Female,227.238.173.112
5f30c98efc13ae4e950002e9,Jacob,Paik,jpaikkp@mozilla.com,Male,46.32.69.165
5f30c98efc13ae4e950002ea,Phaidra,Sall,psallkq@bloglovin.com,Female,223.243.26.250
5f30c98efc13ae4e950002eb,Gothart,Stables,gstableskr@eventbrite.com,Male,149.253.105.175
5f30c98efc13ae4e950002ec,Briny,Garlee,bgarleeks@ow.ly,Female,126.51.231.23
5f30c98efc13ae4e950002ed,Clerkclaude,Clavey,cclaveykt@over-blog.com,Male,241.13.194.59
5f30c98efc13ae4e950002ee,Joannes,Hair,jhairku@nsw.gov.au,Female,130.5.173.111
5f30c98efc13ae4e950002ef,Jeremy,Overall,joverallkv@reuters.com,Male,243.46.190.100
5f30c98efc13ae4e950002f0,Wynn,Neilan,wneilankw@theatlantic.com,Male,128.148.227.14
5f30c98efc13ae4e950002f1,Guendolen,Gallahar,ggallaharkx@hud.gov,Female,224.129.242.44
5f30c98efc13ae4e950002f2,Garreth,Yedy,gyedyky@yandex.ru,Male,70.189.2.199
5f30c98efc13ae4e950002f3,Barrett,Billing,bbillingkz@indiatimes.com,Male,160.197.231.81
5f30c98efc13ae4e950002f4,Mabel,Dovidaitis,mdovidaitisl0@phoca.cz,Female,95.11.30.116
5f30c98efc13ae4e950002f5,D'arcy,Josham,djoshaml1@tiny.cc,Male,56.225.230.9
5f30c98efc13ae4e950002f6,Clarabelle,Doubleday,cdoubledayl2@bluehost.com,Female,7.150.61.243
5f30c98efc13ae4e950002f7,Justino,Franses,jfransesl3@senate.gov,Male,129.177.156.42
5f30c98efc13ae4e950002f8,Sheff,Souza,ssouzal4@usda.gov,Male,8.116.101.180
5f30c98efc13ae4e950002f9,Astrid,Achrameev,aachrameevl5@google.de,Female,48.186.147.253
5f30c98efc13ae4e950002fa,Ashly,Rigler,ariglerl6@blogtalkradio.com,Female,229.38.251.217
5f30c98efc13ae4e950002fb,Aime,Pyrke,apyrkel7@illinois.edu,Female,134.80.99.13
5f30c98efc13ae4e950002fc,Ethelin,Duke,edukel8@blinklist.com,Female,135.0.29.224
5f30c98efc13ae4e950002fd,Ford,Ferrand,fferrandl9@nbcnews.com,Male,17.188.176.107
5f30c98efc13ae4e950002fe,Gabie,Loveguard,gloveguardla@cloudflare.com,Male,22.216.217.25
5f30c98efc13ae4e950002ff,Des,Scotting,dscottinglb@sakura.ne.jp,Male,14.164.174.21
5f30c98efc13ae4e95000300,Josselyn,McDyer,jmcdyerlc@blog.com,Female,135.194.61.253
5f30c98efc13ae4e95000301,Abba,Bielfelt,abielfeltld@com.com,Male,48.134.37.132
5f30c98efc13ae4e95000302,Rockey,Ebi,rebile@plala.or.jp,Male,180.59.126.149
5f30c98efc13ae4e95000303,Foss,McKendry,fmckendrylf@indiatimes.com,Male,175.148.37.226
5f30c98efc13ae4e95000304,Jay,Trigwell,jtrigwelllg@nhs.uk,Male,193.29.38.166
5f30c98efc13ae4e95000305,Brade,O'Sculley,bosculleylh@simplemachines.org,Male,196.136.33.16
5f30c98efc13ae4e95000306,Sherilyn,Thonason,sthonasonli@foxnews.com,Female,238.161.123.31
5f30c98efc13ae4e95000307,Rheba,Willmott,rwillmottlj@shutterfly.com,Female,96.128.31.137
5f30c98efc13ae4e95000308,Sayre,Ollington,sollingtonlk@slideshare.net,Female,133.162.13.146
5f30c98efc13ae4e95000309,Byrann,Leeke,bleekell@naver.com,Male,124.58.53.191
5f30c98efc13ae4e9500030a,Duffie,Epelett,depelettlm@intel.com,Male,7.82.40.200
5f30c98efc13ae4e9500030b,Nathanial,Gameson,ngamesonln@toplist.cz,Male,206.35.207.168
5f30c98efc13ae4e9500030c,Courtenay,Bryson,cbrysonlo@de.vu,Female,153.190.68.40
5f30c98efc13ae4e9500030d,Mada,Sorey,msoreylp@exblog.jp,Female,139.199.178.54
5f30c98efc13ae4e9500030e,Noni,Tembridge,ntembridgelq@nytimes.com,Female,139.53.97.159
5f30c98efc13ae4e9500030f,Goraud,Cullen,gcullenlr@instagram.com,Male,96.102.167.140
5f30c98efc13ae4e95000310,Ginni,Carlo,gcarlols@mayoclinic.com,Female,142.146.6.140
5f30c98efc13ae4e95000311,Janice,McCandie,jmccandielt@icio.us,Female,106.114.221.7
5f30c98efc13ae4e95000312,Horton,Linskey,hlinskeylu@theatlantic.com,Male,17.208.132.74
5f30c98efc13ae4e95000313,Jania,Diamond,jdiamondlv@newsvine.com,Female,17.140.200.35
5f30c98efc13ae4e95000314,Donnell,Trubshawe,dtrubshawelw@state.gov,Male,73.114.102.106
5f30c98efc13ae4e95000315,Heddie,Hoonahan,hhoonahanlx@squidoo.com,Female,89.6.93.75
5f30c98efc13ae4e95000316,Sunny,Cheves,schevesly@forbes.com,Female,62.142.204.159
5f30c98efc13ae4e95000317,Joy,Elcock,jelcocklz@hp.com,Female,55.170.19.52
5f30c98efc13ae4e95000318,Dieter,Hove,dhovem0@g.co,Male,202.76.166.207
5f30c98efc13ae4e95000319,Corrina,Roder,croderm1@blogs.com,Female,168.114.214.148
5f30c98efc13ae4e9500031a,Tomi,Assiratti,tassirattim2@dion.ne.jp,Female,177.57.107.164
5f30c98efc13ae4e9500031b,Miner,Giorgini,mgiorginim3@plala.or.jp,Male,196.190.94.203
5f30c98efc13ae4e9500031c,Pauly,Jacquemot,pjacquemotm4@archive.org,Female,95.192.215.148
5f30c98efc13ae4e9500031d,Fiona,Allaker,fallakerm5@gravatar.com,Female,99.114.160.64
5f30c98efc13ae4e9500031e,Angeli,Tidd,atiddm6@ucsd.edu,Male,74.13.7.171
5f30c98efc13ae4e9500031f,Colet,Serle,cserlem7@sogou.com,Male,126.155.53.2
5f30c98efc13ae4e95000320,Ermentrude,Kubera,ekuberam8@smugmug.com,Female,146.144.147.157
5f30c98efc13ae4e95000321,Boonie,Sheerman,bsheermanm9@un.org,Male,130.217.255.155
5f30c98efc13ae4e95000322,Lainey,Memmory,lmemmoryma@g.co,Female,17.76.87.223
5f30c98efc13ae4e95000323,Neely,Carlos,ncarlosmb@alibaba.com,Female,199.58.121.36
5f30c98efc13ae4e95000324,Eal,Skpsey,eskpseymc@canalblog.com,Male,61.60.55.99
5f30c98efc13ae4e95000325,Shepard,Hunnicot,shunnicotmd@google.co.uk,Male,231.140.80.249
5f30c98efc13ae4e95000326,Daffie,Stormes,dstormesme@ameblo.jp,Female,97.192.99.246
5f30c98efc13ae4e95000327,Xenia,Ilott,xilottmf@samsung.com,Female,65.27.55.7
5f30c98efc13ae4e95000328,Priscilla,Slocom,pslocommg@acquirethisname.com,Female,118.162.207.112
5f30c98efc13ae4e95000329,Jeniece,Heninghem,jheninghemmh@nba.com,Female,152.216.96.183
5f30c98efc13ae4e9500032a,Courtnay,Huckett,chuckettmi@businessweek.com,Female,211.71.77.75
5f30c98efc13ae4e9500032b,Carny,Reide,creidemj@cloudflare.com,Male,56.96.88.71
5f30c98efc13ae4e9500032c,Zebulon,Cottrill,zcottrillmk@seesaa.net,Male,67.195.8.88
5f30c98efc13ae4e9500032d,Shermie,Furmston,sfurmstonml@domainmarket.com,Male,66.207.214.18
5f30c98efc13ae4e9500032e,Jessalin,Yeld,jyeldmm@marketwatch.com,Female,60.221.4.196
5f30c98efc13ae4e9500032f,Othella,Bluett,obluettmn@freewebs.com,Female,119.68.254.216
5f30c98efc13ae4e95000330,Asia,Volkes,avolkesmo@cisco.com,Female,167.218.2.47
5f30c98efc13ae4e95000331,Ange,Monnelly,amonnellymp@patch.com,Female,241.5.138.24
5f30c98efc13ae4e95000332,Ty,Leipnik,tleipnikmq@europa.eu,Male,213.237.85.4
5f30c98efc13ae4e95000333,Torrance,Crofts,tcroftsmr@quantcast.com,Male,41.192.1.200
5f30c98efc13ae4e95000334,Petey,Fallowes,pfallowesms@fc2.com,Male,120.139.166.192
5f30c98efc13ae4e95000335,Clareta,Seifenmacher,cseifenmachermt@prweb.com,Female,117.31.241.225
5f30c98efc13ae4e95000336,Ed,Meadway,emeadwaymu@fastcompany.com,Male,90.121.213.218
5f30c98efc13ae4e95000337,Ancell,Adran,aadranmv@mozilla.org,Male,227.18.204.128
5f30c98efc13ae4e95000338,Guy,Lilburne,glilburnemw@dot.gov,Male,99.8.207.74
5f30c98efc13ae4e95000339,Wallie,Entreis,wentreismx@mtv.com,Male,186.62.223.206
5f30c98efc13ae4e9500033a,Rolfe,Enderby,renderbymy@umich.edu,Male,219.94.56.143
5f30c98efc13ae4e9500033b,Nicolai,Lowthorpe,nlowthorpemz@yale.edu,Male,126.41.135.102
5f30c98efc13ae4e9500033c,Willi,Standfield,wstandfieldn0@imgur.com,Female,172.186.23.213
5f30c98efc13ae4e9500033d,Leodora,Carwithan,lcarwithann1@purevolume.com,Female,179.199.197.76
5f30c98efc13ae4e9500033e,Eloisa,Shelmerdine,eshelmerdinen2@yellowbook.com,Female,90.63.208.6
5f30c98efc13ae4e9500033f,Tamiko,Savege,tsavegen3@senate.gov,Female,148.195.237.94
5f30c98efc13ae4e95000340,Marley,Endean,mendeann4@gravatar.com,Female,165.111.150.180
5f30c98efc13ae4e95000341,Milton,Bank,mbankn5@amazon.com,Male,230.140.15.149
5f30c98efc13ae4e95000342,Clifford,Dimmack,cdimmackn6@indiegogo.com,Male,2.165.209.128
5f30c98efc13ae4e95000343,Ewen,Deabill,edeabilln7@simplemachines.org,Male,188.32.146.71
5f30c98efc13ae4e95000344,Jayme,Barbosa,jbarbosan8@tamu.edu,Male,157.46.106.30
5f30c98efc13ae4e95000345,Faustina,Godlip,fgodlipn9@theguardian.com,Female,230.176.44.137
5f30c98efc13ae4e95000346,Jerrilyn,Learmont,jlearmontna@fotki.com,Female,44.44.61.247
5f30c98efc13ae4e95000347,Josi,Harroll,jharrollnb@toplist.cz,Female,188.170.60.215
5f30c98efc13ae4e95000348,Claudina,Hutchinson,chutchinsonnc@unblog.fr,Female,43.16.36.219
5f30c98efc13ae4e95000349,Burg,Kitteridge,bkitteridgend@disqus.com,Male,128.59.190.172
5f30c98efc13ae4e9500034a,Dorisa,Lincoln,dlincolnne@hexun.com,Female,216.160.130.172
5f30c98efc13ae4e9500034b,Alana,Thecham,athechamnf@army.mil,Female,35.248.20.248
5f30c98efc13ae4e9500034c,Tabbi,Whytock,twhytockng@addtoany.com,Female,187.86.232.247
5f30c98efc13ae4e9500034d,Valerye,Hoston,vhostonnh@google.co.jp,Female,83.254.166.248
5f30c98efc13ae4e9500034e,Rafi,Shotton,rshottonni@360.cn,Male,134.67.108.130
5f30c98efc13ae4e9500034f,Berkeley,Kaasmann,bkaasmannnj@geocities.com,Male,251.102.109.18
5f30c98efc13ae4e95000350,Kellie,Guirardin,kguirardinnk@4shared.com,Female,254.178.33.86
5f30c98efc13ae4e95000351,Gustavo,Domel,gdomelnl@livejournal.com,Male,194.36.170.210
5f30c98efc13ae4e95000352,Jerrylee,Corstorphine,jcorstorphinenm@ebay.com,Female,84.144.42.162
5f30c98efc13ae4e95000353,Mischa,Hartup,mhartupnn@yellowpages.com,Male,228.22.5.43
5f30c98efc13ae4e95000354,Carlee,Tuttiett,ctuttiettno@nps.gov,Female,199.12.205.182
5f30c98efc13ae4e95000355,Tandi,Beckhouse,tbeckhousenp@vkontakte.ru,Female,71.84.108.188
5f30c98efc13ae4e95000356,Gard,Laughren,glaughrennq@examiner.com,Male,160.166.38.4
5f30c98efc13ae4e95000357,Dimitri,Fortoun,dfortounnr@technorati.com,Male,42.81.114.23
5f30c98efc13ae4e95000358,Raphaela,Ruperto,rrupertons@google.it,Female,80.215.136.232
5f30c98efc13ae4e95000359,Marielle,Dobbin,mdobbinnt@paypal.com,Female,168.190.143.45
5f30c98efc13ae4e9500035a,Lauritz,Granham,lgranhamnu@statcounter.com,Male,51.183.50.156
5f30c98efc13ae4e9500035b,Stafford,Spires,sspiresnv@tinyurl.com,Male,228.20.94.207
5f30c98efc13ae4e9500035c,Devland,Prestner,dprestnernw@seattletimes.com,Male,227.193.10.187
5f30c98efc13ae4e9500035d,Spike,Sowle,ssowlenx@uiuc.edu,Male,89.141.161.247
5f30c98efc13ae4e9500035e,Romeo,Mattingson,rmattingsonny@jalbum.net,Male,37.43.58.177
5f30c98efc13ae4e9500035f,Yule,Kwietek,ykwieteknz@etsy.com,Male,16.151.241.4
5f30c98efc13ae4e95000360,Tammara,Ipplett,tippletto0@mozilla.com,Female,192.138.39.163
5f30c98efc13ae4e95000361,Michelle,Comrie,mcomrieo1@unc.edu,Female,180.217.207.170
5f30c98efc13ae4e95000362,Emiline,Clubbe,eclubbeo2@myspace.com,Female,232.54.73.145
5f30c98efc13ae4e95000363,Teodoro,Garter,tgartero3@goo.gl,Male,205.230.80.37
5f30c98efc13ae4e95000364,Ailyn,Hammerstone,ahammerstoneo4@toplist.cz,Female,181.130.220.79
5f30c98efc13ae4e95000365,Edik,Cheale,echealeo5@rambler.ru,Male,73.33.247.54
5f30c98efc13ae4e95000366,Merry,Ambroix,mambroixo6@columbia.edu,Female,144.160.248.221
5f30c98efc13ae4e95000367,Pia,Kelshaw,pkelshawo7@walmart.com,Female,159.90.184.51
5f30c98efc13ae4e95000368,Jarrad,Haffard,jhaffardo8@ycombinator.com,Male,222.104.136.208
5f30c98efc13ae4e95000369,Nelle,Sidwell,nsidwello9@usgs.gov,Female,38.34.67.195
5f30c98efc13ae4e9500036a,Vinnie,Bowle,vbowleoa@hao123.com,Female,24.213.115.86
5f30c98efc13ae4e9500036b,Ede,Fortey,eforteyob@fastcompany.com,Female,19.157.240.133
5f30c98efc13ae4e9500036c,Garrot,Spriggen,gspriggenoc@adobe.com,Male,0.121.26.21
5f30c98efc13ae4e9500036d,Hodge,Ziemke,hziemkeod@mashable.com,Male,66.113.55.103
5f30c98efc13ae4e9500036e,Panchito,Currie,pcurrieoe@dedecms.com,Male,33.123.213.251
5f30c98efc13ae4e9500036f,Hyacinth,Stoak,hstoakof@jimdo.com,Female,212.151.138.170
5f30c98efc13ae4e95000370,Aloysius,Gianolo,agianoloog@noaa.gov,Male,58.76.227.43
5f30c98efc13ae4e95000371,Lynnea,Langlais,llanglaisoh@blinklist.com,Female,181.151.128.195
5f30c98efc13ae4e95000372,Augustus,Pulver,apulveroi@nature.com,Male,92.234.212.0
5f30c98efc13ae4e95000373,Babs,Sicely,bsicelyoj@ox.ac.uk,Female,161.51.57.124
5f30c98efc13ae4e95000374,Shelden,Fullstone,sfullstoneok@cam.ac.uk,Male,31.116.239.64
5f30c98efc13ae4e95000375,Shannon,Mitroshinov,smitroshinovol@meetup.com,Male,215.63.1.227
5f30c98efc13ae4e95000376,Gregoor,Swaite,gswaiteom@gov.uk,Male,231.121.83.77
5f30c98efc13ae4e95000377,Tulley,Kuhnt,tkuhnton@zimbio.com,Male,106.54.160.26
5f30c98efc13ae4e95000378,Brendan,Holtaway,bholtawayoo@aboutads.info,Male,88.16.7.147
5f30c98efc13ae4e95000379,Analise,Fishpoole,afishpooleop@yellowbook.com,Female,153.96.12.250
5f30c98efc13ae4e9500037a,Lloyd,McGrey,lmcgreyoq@bloomberg.com,Male,66.246.214.74
5f30c98efc13ae4e9500037b,Curcio,Pennoni,cpennonior@senate.gov,Male,226.247.232.204
5f30c98efc13ae4e9500037c,Brockie,Gagen,bgagenos@forbes.com,Male,208.193.33.87
5f30c98efc13ae4e9500037d,Grantham,Cristofol,gcristofolot@cdc.gov,Male,131.54.245.235
5f30c98efc13ae4e9500037e,Ingamar,Bridge,ibridgeou@jugem.jp,Male,190.123.213.148
5f30c98efc13ae4e9500037f,Dominique,Formigli,dformigliov@flavors.me,Female,76.186.196.166
5f30c98efc13ae4e95000380,Anitra,Carlan,acarlanow@geocities.com,Female,84.52.157.155
5f30c98efc13ae4e95000381,Dael,Burris,dburrisox@dmoz.org,Female,142.217.123.79
5f30c98efc13ae4e95000382,Frederigo,Abramovitch,fabramovitchoy@senate.gov,Male,103.146.160.125
5f30c98efc13ae4e95000383,Corby,Pash,cpashoz@about.me,Male,111.121.243.198
5f30c98efc13ae4e95000384,Latia,Jenman,ljenmanp0@chron.com,Female,136.65.23.76
5f30c98efc13ae4e95000385,Ulrike,Gotling,ugotlingp1@dagondesign.com,Female,67.41.249.57
5f30c98efc13ae4e95000386,Winny,Bent,wbentp2@multiply.com,Male,130.223.107.207
5f30c98efc13ae4e95000387,Kim,Godain,kgodainp3@prlog.org,Male,212.172.253.67
5f30c98efc13ae4e95000388,Bronson,Jouannisson,bjouannissonp4@wikipedia.org,Male,119.253.188.170
5f30c98efc13ae4e95000389,Maisey,Hugli,mhuglip5@ebay.com,Female,98.164.85.223
5f30c98efc13ae4e9500038a,Brock,Lente,blentep6@blog.com,Male,246.1.105.44
5f30c98efc13ae4e9500038b,Vic,Tutt,vtuttp7@sourceforge.net,Male,184.88.146.79
5f30c98efc13ae4e9500038c,Grant,Shortan,gshortanp8@bloglovin.com,Male,8.41.254.12
5f30c98efc13ae4e9500038d,Doris,Johananov,djohananovp9@hugedomains.com,Female,212.247.2.233
5f30c98efc13ae4e9500038e,Hirsch,McKerley,hmckerleypa@hao123.com,Male,65.248.76.71
5f30c98efc13ae4e9500038f,Cyndi,Sandom,csandompb@time.com,Female,199.136.225.57
5f30c98efc13ae4e95000390,Janette,Gosnold,jgosnoldpc@bravesites.com,Female,200.39.155.182
5f30c98efc13ae4e95000391,Lydia,Starbeck,lstarbeckpd@hhs.gov,Female,37.243.18.189
5f30c98efc13ae4e95000392,Madel,Alred,malredpe@godaddy.com,Female,199.103.126.245
5f30c98efc13ae4e95000393,Abran,Reboul,areboulpf@bravesites.com,Male,28.236.194.64
5f30c98efc13ae4e95000394,Ursola,Hayne,uhaynepg@yahoo.co.jp,Female,235.195.147.144
5f30c98efc13ae4e95000395,Weston,Allkins,wallkinsph@digg.com,Male,30.199.238.179
5f30c98efc13ae4e95000396,Nicky,Dinse,ndinsepi@mediafire.com,Female,157.249.204.114
5f30c98efc13ae4e95000397,Melinda,Chopy,mchopypj@instagram.com,Female,37.143.33.111
5f30c98efc13ae4e95000398,Felipe,Dupoy,fdupoypk@census.gov,Male,196.155.47.34
5f30c98efc13ae4e95000399,Sibley,Hurnell,shurnellpl@github.io,Female,158.61.172.154
5f30c98efc13ae4e9500039a,Leeanne,Vakhlov,lvakhlovpm@addtoany.com,Female,229.202.28.36
5f30c98efc13ae4e9500039b,Nathan,Franchioni,nfranchionipn@github.com,Male,52.77.220.203
5f30c98efc13ae4e9500039c,Wilbur,Lowton,wlowtonpo@sbwire.com,Male,47.82.185.201
5f30c98efc13ae4e9500039d,Damaris,Lamberton,dlambertonpp@homestead.com,Female,197.34.76.248
5f30c98efc13ae4e9500039e,Christoffer,Rolse,crolsepq@51.la,Male,31.200.232.128
5f30c98efc13ae4e9500039f,Rose,Opy,ropypr@nytimes.com,Female,162.63.42.26
5f30c98efc13ae4e950003a0,Clyve,Brand-Hardy,cbrandhardyps@slashdot.org,Male,242.167.131.199
5f30c98efc13ae4e950003a1,Jere,Crosen,jcrosenpt@miitbeian.gov.cn,Male,15.10.92.185
5f30c98efc13ae4e950003a2,Cordi,Menendes,cmenendespu@sourceforge.net,Female,61.142.157.86
5f30c98efc13ae4e950003a3,Emmey,Roubottom,eroubottompv@clickbank.net,Female,254.193.218.175
5f30c98efc13ae4e950003a4,Quinta,Trousdale,qtrousdalepw@aol.com,Female,79.179.228.95
5f30c98efc13ae4e950003a5,Jeff,Guntrip,jguntrippx@mlb.com,Male,113.150.87.12
5f30c98efc13ae4e950003a6,Minna,Dionisii,mdionisiipy@mapy.cz,Female,7.34.199.173
5f30c98efc13ae4e950003a7,Hamish,Peppard,hpeppardpz@hatena.ne.jp,Male,144.236.194.177
5f30c98efc13ae4e950003a8,Burt,McLafferty,bmclaffertyq0@prweb.com,Male,25.176.244.115
5f30c98efc13ae4e950003a9,Grayce,Farland,gfarlandq1@samsung.com,Female,55.37.141.162
5f30c98efc13ae4e950003aa,Heath,Hullbrook,hhullbrookq2@behance.net,Female,8.131.44.193
5f30c98efc13ae4e950003ab,Sarah,Giovanni,sgiovanniq3@boston.com,Female,152.162.113.138
5f30c98efc13ae4e950003ac,Ashla,Kernaghan,akernaghanq4@sciencedaily.com,Female,55.54.143.44
5f30c98efc13ae4e950003ad,Kevin,Massel,kmasselq5@yale.edu,Male,186.147.202.134
5f30c98efc13ae4e950003ae,Allister,Ovens,aovensq6@ifeng.com,Male,61.102.82.226
5f30c98efc13ae4e950003af,Hollis,O'Luney,holuneyq7@usda.gov,Male,126.114.26.177
5f30c98efc13ae4e950003b0,Ferdie,MacFaul,fmacfaulq8@goo.ne.jp,Male,14.229.26.183
5f30c98efc13ae4e950003b1,Henri,Airey,haireyq9@wiley.com,Male,69.59.138.238
5f30c98efc13ae4e950003b2,Auria,McGeever,amcgeeverqa@miibeian.gov.cn,Female,151.46.10.118
5f30c98efc13ae4e950003b3,Teodorico,Colhoun,tcolhounqb@cbsnews.com,Male,142.34.14.249
5f30c98efc13ae4e950003b4,Holly,Doggrell,hdoggrellqc@netvibes.com,Female,168.156.117.115
5f30c98efc13ae4e950003b5,Gabriel,Synan,gsynanqd@nhs.uk,Female,149.146.51.204
5f30c98efc13ae4e950003b6,Katine,Gahan,kgahanqe@typepad.com,Female,187.59.186.198
5f30c98efc13ae4e950003b7,Bonny,Woodhams,bwoodhamsqf@google.ca,Female,128.17.145.199
5f30c98efc13ae4e950003b8,Ariadne,Charnley,acharnleyqg@ycombinator.com,Female,231.76.144.69
5f30c98efc13ae4e950003b9,Annabela,Heineken,aheinekenqh@skype.com,Female,146.152.25.100
5f30c98efc13ae4e950003ba,Marla,McCutcheon,mmccutcheonqi@naver.com,Female,37.101.128.91
5f30c98efc13ae4e950003bb,Duff,Tabrett,dtabrettqj@nasa.gov,Male,19.180.33.154
5f30c98efc13ae4e950003bc,Melamie,Beckham,mbeckhamqk@meetup.com,Female,89.209.33.115
5f30c98efc13ae4e950003bd,Isidore,Olfert,iolfertql@ocn.ne.jp,Male,210.26.198.189
5f30c98efc13ae4e950003be,Merrilee,McConachie,mmcconachieqm@photobucket.com,Female,214.133.202.98
5f30c98efc13ae4e950003bf,Yehudit,Beldum,ybeldumqn@mlb.com,Male,178.22.22.14
5f30c98ffc13ae4e950003c0,Caterina,Berth,cberthqo@netvibes.com,Female,207.248.8.141
5f30c98ffc13ae4e950003c1,Gav,Jelk,gjelkqp@facebook.com,Male,236.89.253.126
5f30c98ffc13ae4e950003c2,Julita,Lancashire,jlancashireqq@mediafire.com,Female,244.106.182.43
5f30c98ffc13ae4e950003c3,Amerigo,Mcwhinnie,amcwhinnieqr@wunderground.com,Male,72.240.80.92
5f30c98ffc13ae4e950003c4,Edi,Laydel,elaydelqs@addthis.com,Female,108.77.187.211
5f30c98ffc13ae4e950003c5,Cornie,Gambrell,cgambrellqt@lycos.com,Male,197.44.128.83
5f30c98ffc13ae4e950003c6,Hettie,Wafer,hwaferqu@blogspot.com,Female,191.84.5.101
5f30c98ffc13ae4e950003c7,Reuven,Moncarr,rmoncarrqv@usatoday.com,Male,159.40.66.123
5f30c98ffc13ae4e950003c8,Candace,Zannini,czanniniqw@prnewswire.com,Female,75.88.82.141
5f30c98ffc13ae4e950003c9,Felice,Feore,ffeoreqx@vinaora.com,Male,254.189.100.71
5f30c98ffc13ae4e950003ca,Guthry,Pressland,gpresslandqy@nytimes.com,Male,91.233.221.153
5f30c98ffc13ae4e950003cb,Yuri,Dillinger,ydillingerqz@paypal.com,Male,124.120.27.16
5f30c98ffc13ae4e950003cc,Beverlie,Walch,bwalchr0@t.co,Female,207.93.7.84
5f30c98ffc13ae4e950003cd,Shandie,Goggan,sgogganr1@uol.com.br,Female,37.43.253.220
5f30c98ffc13ae4e950003ce,Lane,Dougill,ldougillr2@mozilla.com,Male,105.111.102.39
5f30c98ffc13ae4e950003cf,Sheena,Gonin,sgoninr3@blogspot.com,Female,252.131.23.77
5f30c98ffc13ae4e950003d0,Mahmoud,Somerfield,msomerfieldr4@exblog.jp,Male,197.252.164.237
5f30c98ffc13ae4e950003d1,Myer,McGinny,mmcginnyr5@nba.com,Male,22.173.205.97
5f30c98ffc13ae4e950003d2,Hildagard,Bruhn,hbruhnr6@sbwire.com,Female,243.118.89.148
5f30c98ffc13ae4e950003d3,Gladys,Schimek,gschimekr7@blogspot.com,Female,27.134.200.29
5f30c98ffc13ae4e950003d4,Marys,Fryer,mfryerr8@cbc.ca,Female,104.125.73.165
5f30c98ffc13ae4e950003d5,Rip,Vogele,rvogeler9@bravesites.com,Male,247.68.94.62
5f30c98ffc13ae4e950003d6,Elna,Beddard,ebeddardra@msu.edu,Female,101.123.177.129
5f30c98ffc13ae4e950003d7,Sanson,Hessing,shessingrb@china.com.cn,Male,20.40.188.167
5f30c98ffc13ae4e950003d8,Morgen,McCullen,mmccullenrc@arizona.edu,Female,173.4.85.37
5f30c98ffc13ae4e950003d9,Eleanore,Vasyunin,evasyuninrd@spiegel.de,Female,174.97.126.10
5f30c98ffc13ae4e950003da,Nicolle,Wanjek,nwanjekre@google.com,Female,250.128.81.145
5f30c98ffc13ae4e950003db,Cecile,Polino,cpolinorf@tripadvisor.com,Female,193.61.197.182
5f30c98ffc13ae4e950003dc,Jorge,Speller,jspellerrg@chicagotribune.com,Male,10.43.250.192
5f30c98ffc13ae4e950003dd,Ermentrude,Hacun,ehacunrh@nasa.gov,Female,18.88.111.156
5f30c98ffc13ae4e950003de,Clerkclaude,Lefeaver,clefeaverri@purevolume.com,Male,46.104.52.193
5f30c98ffc13ae4e950003df,Corine,Courtin,ccourtinrj@irs.gov,Female,127.62.65.144
5f30c98ffc13ae4e950003e0,Llewellyn,Van Daalen,lvandaalenrk@nasa.gov,Male,4.155.31.55
5f30c98ffc13ae4e950003e1,Sebastiano,Millyard,smillyardrl@japanpost.jp,Male,99.55.36.208
5f30c98ffc13ae4e950003e2,Kennan,Landy,klandyrm@stanford.edu,Male,178.71.195.205
5f30c98ffc13ae4e950003e3,Tarra,Aberkirdo,taberkirdorn@twitter.com,Female,59.60.221.4
5f30c98ffc13ae4e950003e4,Ophelia,Jeffry,ojeffryro@amazon.com,Female,110.129.123.160
5f30c98ffc13ae4e950003e5,Yasmeen,Volett,yvolettrp@bluehost.com,Female,23.139.173.215
5f30c98ffc13ae4e950003e6,Cheri,Mathivet,cmathivetrq@jalbum.net,Female,116.77.14.228
5f30c98ffc13ae4e950003e7,Marco,Depke,mdepkerr@cisco.com,Male,122.212.10.61
